Benchmark,ObjectiveMetric,ExtraMetric,tau,unlabeled_noise,feature_drop_prob,feature_mix_prob,pseudo_weight,agreement_weight,weight_power,hard_weight_threshold,SupervisedObjective,ConfidenceObjective,SAGEObjective,SAGEMinusSupervised,ConfidenceMinusSupervised,SupervisedExtra,SAGEExtra,ConfidenceExtra,SAGEMeanWeight,SAGEMeanDisagreement
higgs_public,NLL_OOD,Cov90_OOD,0.12,0.02,0.0,0.0,0.4,0.25,1.0,-1.0,3.2778522968292236,254.64334106445312,4.246614456176758,0.9687621593475342,251.3654887676239,0.6563720703125,0.63671875,0.2200927734375,0.9865692853927612,0.0016555041074752808
higgs_public,NLL_OOD,Cov90_OOD,0.12,0.02,0.0,0.0,0.4,0.25,1.0,0.85,3.2778522968292236,254.64334106445312,4.246614456176758,0.9687621593475342,251.3654887676239,0.6563720703125,0.63671875,0.2200927734375,0.9838894605636597,0.0016555041074752808
higgs_public,NLL_OOD,Cov90_OOD,0.12,0.02,0.0,0.0,0.4,0.25,2.0,-1.0,3.2778522968292236,254.64334106445312,4.332590103149414,1.0547378063201904,251.3654887676239,0.6563720703125,0.634765625,0.2200927734375,0.9738167524337769,0.0016555041074752808
higgs_public,NLL_OOD,Cov90_OOD,0.12,0.02,0.0,0.0,0.4,0.25,2.0,0.85,3.2778522968292236,254.64334106445312,4.312872886657715,1.0350205898284912,251.3654887676239,0.6563720703125,0.634033203125,0.2200927734375,0.9550930857658386,0.0016555041074752808
higgs_public,NLL_OOD,Cov90_OOD,0.12,0.02,0.0,0.0,0.4,0.5,1.0,-1.0,3.2778522968292236,254.64334106445312,4.026218414306641,0.748366117477417,251.3654887676239,0.6563720703125,0.64306640625,0.2200927734375,0.9865692853927612,0.0016555041074752808
higgs_public,NLL_OOD,Cov90_OOD,0.12,0.02,0.0,0.0,0.4,0.5,1.0,0.85,3.2778522968292236,254.64334106445312,4.026218414306641,0.748366117477417,251.3654887676239,0.6563720703125,0.64306640625,0.2200927734375,0.9838894605636597,0.0016555041074752808
higgs_public,NLL_OOD,Cov90_OOD,0.12,0.02,0.0,0.0,0.4,0.5,2.0,-1.0,3.2778522968292236,254.64334106445312,4.083593368530273,0.8057410717010498,251.3654887676239,0.6563720703125,0.642822265625,0.2200927734375,0.9738167524337769,0.0016555041074752808
higgs_public,NLL_OOD,Cov90_OOD,0.12,0.02,0.0,0.0,0.4,0.5,2.0,0.85,3.2778522968292236,254.64334106445312,4.072922229766846,0.7950699329376221,251.3654887676239,0.6563720703125,0.6424560546875,0.2200927734375,0.9550930857658386,0.0016555041074752808
higgs_public,NLL_OOD,Cov90_OOD,0.12,0.02,0.0,0.1,0.4,0.25,1.0,-1.0,3.2778522968292236,254.64334106445312,4.23735237121582,0.9595000743865967,251.3654887676239,0.6563720703125,0.6295166015625,0.2200927734375,0.4555148482322693,0.35957926511764526
higgs_public,NLL_OOD,Cov90_OOD,0.12,0.02,0.0,0.1,0.4,0.25,1.0,0.85,3.2778522968292236,254.64334106445312,4.554145812988281,1.2762935161590576,251.3654887676239,0.6563720703125,0.6243896484375,0.2200927734375,0.20733878016471863,0.35957926511764526
higgs_public,NLL_OOD,Cov90_OOD,0.12,0.02,0.0,0.1,0.4,0.25,2.0,-1.0,3.2778522968292236,254.64334106445312,4.372052192687988,1.0941998958587646,251.3654887676239,0.6563720703125,0.6280517578125,0.2200927734375,0.34137022495269775,0.35957926511764526
higgs_public,NLL_OOD,Cov90_OOD,0.12,0.02,0.0,0.1,0.4,0.25,2.0,0.85,3.2778522968292236,254.64334106445312,4.527363300323486,1.2495110034942627,251.3654887676239,0.6563720703125,0.6312255859375,0.2200927734375,0.12964023649692535,0.35957926511764526
higgs_public,NLL_OOD,Cov90_OOD,0.12,0.02,0.0,0.1,0.4,0.5,1.0,-1.0,3.2778522968292236,254.64334106445312,3.9442532062530518,0.6664009094238281,251.3654887676239,0.6563720703125,0.633056640625,0.2200927734375,0.4555148482322693,0.35957926511764526
higgs_public,NLL_OOD,Cov90_OOD,0.12,0.02,0.0,0.1,0.4,0.5,1.0,0.85,3.2778522968292236,254.64334106445312,4.185586452484131,0.9077341556549072,251.3654887676239,0.6563720703125,0.62890625,0.2200927734375,0.20733878016471863,0.35957926511764526
higgs_public,NLL_OOD,Cov90_OOD,0.12,0.02,0.0,0.1,0.4,0.5,2.0,-1.0,3.2778522968292236,254.64334106445312,3.988276958465576,0.7104246616363525,251.3654887676239,0.6563720703125,0.6307373046875,0.2200927734375,0.34137022495269775,0.35957926511764526
higgs_public,NLL_OOD,Cov90_OOD,0.12,0.02,0.0,0.1,0.4,0.5,2.0,0.85,3.2778522968292236,254.64334106445312,4.227367401123047,0.9495151042938232,251.3654887676239,0.6563720703125,0.6339111328125,0.2200927734375,0.12964023649692535,0.35957926511764526
higgs_public,NLL_OOD,Cov90_OOD,0.12,0.02,0.0,0.2,0.4,0.25,1.0,-1.0,3.2778522968292236,254.64334106445312,4.0732622146606445,0.7954099178314209,251.3654887676239,0.6563720703125,0.6199951171875,0.2200927734375,0.2803630828857422,0.7027351260185242
higgs_public,NLL_OOD,Cov90_OOD,0.12,0.02,0.0,0.2,0.4,0.25,1.0,0.85,3.2778522968292236,254.64334106445312,4.6579365730285645,1.3800842761993408,251.3654887676239,0.6563720703125,0.62353515625,0.2200927734375,0.08425630629062653,0.7027351260185242
higgs_public,NLL_OOD,Cov90_OOD,0.12,0.02,0.0,0.2,0.4,0.25,2.0,-1.0,3.2778522968292236,254.64334106445312,4.26261568069458,0.9847633838653564,251.3654887676239,0.6563720703125,0.6177978515625,0.2200927734375,0.18623894453048706,0.7027351260185242
higgs_public,NLL_OOD,Cov90_OOD,0.12,0.02,0.0,0.2,0.4,0.25,2.0,0.85,3.2778522968292236,254.64334106445312,4.4645609855651855,1.186708688735962,251.3654887676239,0.6563720703125,0.6312255859375,0.2200927734375,0.042785052210092545,0.7027351260185242
higgs_public,NLL_OOD,Cov90_OOD,0.12,0.02,0.0,0.2,0.4,0.5,1.0,-1.0,3.2778522968292236,254.64334106445312,3.718634843826294,0.4407825469970703,251.3654887676239,0.6563720703125,0.625,0.2200927734375,0.2803630828857422,0.7027351260185242
higgs_public,NLL_OOD,Cov90_OOD,0.12,0.02,0.0,0.2,0.4,0.5,1.0,0.85,3.2778522968292236,254.64334106445312,4.25498104095459,0.9771287441253662,251.3654887676239,0.6563720703125,0.625732421875,0.2200927734375,0.08425630629062653,0.7027351260185242
higgs_public,NLL_OOD,Cov90_OOD,0.12,0.02,0.0,0.2,0.4,0.5,2.0,-1.0,3.2778522968292236,254.64334106445312,3.8610620498657227,0.583209753036499,251.3654887676239,0.6563720703125,0.621826171875,0.2200927734375,0.18623894453048706,0.7027351260185242
higgs_public,NLL_OOD,Cov90_OOD,0.12,0.02,0.0,0.2,0.4,0.5,2.0,0.85,3.2778522968292236,254.64334106445312,4.1990227699279785,0.9211704730987549,251.3654887676239,0.6563720703125,0.63134765625,0.2200927734375,0.042785052210092545,0.7027351260185242
higgs_public,NLL_OOD,Cov90_OOD,0.12,0.02,0.1,0.0,0.4,0.25,1.0,-1.0,3.2778522968292236,254.64334106445312,4.491994380950928,1.214142084121704,251.3654887676239,0.6563720703125,0.629638671875,0.2200927734375,0.6064658164978027,0.16049998998641968
higgs_public,NLL_OOD,Cov90_OOD,0.12,0.02,0.1,0.0,0.4,0.25,1.0,0.85,3.2778522968292236,254.64334106445312,4.575736999511719,1.2978847026824951,251.3654887676239,0.6563720703125,0.6209716796875,0.2200927734375,0.30458301305770874,0.16049998998641968
higgs_public,NLL_OOD,Cov90_OOD,0.12,0.02,0.1,0.0,0.4,0.25,2.0,-1.0,3.2778522968292236,254.64334106445312,4.515946865081787,1.2380945682525635,251.3654887676239,0.6563720703125,0.6220703125,0.2200927734375,0.47704076766967773,0.16049998998641968
higgs_public,NLL_OOD,Cov90_OOD,0.12,0.02,0.1,0.0,0.4,0.25,2.0,0.85,3.2778522968292236,254.64334106445312,4.55819034576416,1.2803380489349365,251.3654887676239,0.6563720703125,0.62646484375,0.2200927734375,0.17867088317871094,0.16049998998641968
higgs_public,NLL_OOD,Cov90_OOD,0.12,0.02,0.1,0.0,0.4,0.5,1.0,-1.0,3.2778522968292236,254.64334106445312,3.9790000915527344,0.7011477947235107,251.3654887676239,0.6563720703125,0.6300048828125,0.2200927734375,0.6064658164978027,0.16049998998641968
higgs_public,NLL_OOD,Cov90_OOD,0.12,0.02,0.1,0.0,0.4,0.5,1.0,0.85,3.2778522968292236,254.64334106445312,4.180952548980713,0.9031002521514893,251.3654887676239,0.6563720703125,0.6292724609375,0.2200927734375,0.30458301305770874,0.16049998998641968
higgs_public,NLL_OOD,Cov90_OOD,0.12,0.02,0.1,0.0,0.4,0.5,2.0,-1.0,3.2778522968292236,254.64334106445312,4.085330963134766,0.807478666305542,251.3654887676239,0.6563720703125,0.6285400390625,0.2200927734375,0.47704076766967773,0.16049998998641968
higgs_public,NLL_OOD,Cov90_OOD,0.12,0.02,0.1,0.0,0.4,0.5,2.0,0.85,3.2778522968292236,254.64334106445312,4.183862686157227,0.9060103893280029,251.3654887676239,0.6563720703125,0.6297607421875,0.2200927734375,0.17867088317871094,0.16049998998641968
higgs_public,NLL_OOD,Cov90_OOD,0.12,0.02,0.1,0.1,0.4,0.25,1.0,-1.0,3.2778522968292236,254.64334106445312,3.983013868331909,0.7051615715026855,251.3654887676239,0.6563720703125,0.6202392578125,0.2200927734375,0.37608790397644043,0.4299253225326538
higgs_public,NLL_OOD,Cov90_OOD,0.12,0.02,0.1,0.1,0.4,0.25,1.0,0.85,3.2778522968292236,254.64334106445312,4.2628865242004395,0.9850342273712158,251.3654887676239,0.6563720703125,0.6143798828125,0.2200927734375,0.1158561110496521,0.4299253225326538
higgs_public,NLL_OOD,Cov90_OOD,0.12,0.02,0.1,0.1,0.4,0.25,2.0,-1.0,3.2778522968292236,254.64334106445312,4.100943565368652,0.8230912685394287,251.3654887676239,0.6563720703125,0.61474609375,0.2200927734375,0.25725269317626953,0.4299253225326538
higgs_public,NLL_OOD,Cov90_OOD,0.12,0.02,0.1,0.1,0.4,0.25,2.0,0.85,3.2778522968292236,254.64334106445312,4.284389495849609,1.0065371990203857,251.3654887676239,0.6563720703125,0.6102294921875,0.2200927734375,0.05565188452601433,0.4299253225326538
higgs_public,NLL_OOD,Cov90_OOD,0.12,0.02,0.1,0.1,0.4,0.5,1.0,-1.0,3.2778522968292236,254.64334106445312,3.6713356971740723,0.39348340034484863,251.3654887676239,0.6563720703125,0.62353515625,0.2200927734375,0.37608790397644043,0.4299253225326538
higgs_public,NLL_OOD,Cov90_OOD,0.12,0.02,0.1,0.1,0.4,0.5,1.0,0.85,3.2778522968292236,254.64334106445312,3.9865527153015137,0.70870041847229,251.3654887676239,0.6563720703125,0.6256103515625,0.2200927734375,0.1158561110496521,0.4299253225326538
higgs_public,NLL_OOD,Cov90_OOD,0.12,0.02,0.1,0.1,0.4,0.5,2.0,-1.0,3.2778522968292236,254.64334106445312,3.788970708847046,0.5111184120178223,251.3654887676239,0.6563720703125,0.6224365234375,0.2200927734375,0.25725269317626953,0.4299253225326538
higgs_public,NLL_OOD,Cov90_OOD,0.12,0.02,0.1,0.1,0.4,0.5,2.0,0.85,3.2778522968292236,254.64334106445312,3.9583044052124023,0.6804521083831787,251.3654887676239,0.6563720703125,0.6290283203125,0.2200927734375,0.05565188452601433,0.4299253225326538
higgs_public,NLL_OOD,Cov90_OOD,0.12,0.02,0.1,0.2,0.4,0.25,1.0,-1.0,3.2778522968292236,254.64334106445312,3.961038827896118,0.6831865310668945,251.3654887676239,0.6563720703125,0.6060791015625,0.2200927734375,0.26239943504333496,0.6835980415344238
higgs_public,NLL_OOD,Cov90_OOD,0.12,0.02,0.1,0.2,0.4,0.25,1.0,0.85,3.2778522968292236,254.64334106445312,4.250950813293457,0.9730985164642334,251.3654887676239,0.6563720703125,0.6207275390625,0.2200927734375,0.05620612949132919,0.6835980415344238
higgs_public,NLL_OOD,Cov90_OOD,0.12,0.02,0.1,0.2,0.4,0.25,2.0,-1.0,3.2778522968292236,254.64334106445312,4.1440205574035645,0.8661682605743408,251.3654887676239,0.6563720703125,0.604736328125,0.2200927734375,0.16356752812862396,0.6835980415344238
higgs_public,NLL_OOD,Cov90_OOD,0.12,0.02,0.1,0.2,0.4,0.25,2.0,0.85,3.2778522968292236,254.64334106445312,4.177896499633789,0.9000442028045654,251.3654887676239,0.6563720703125,0.6353759765625,0.2200927734375,0.023909350857138634,0.6835980415344238
higgs_public,NLL_OOD,Cov90_OOD,0.12,0.02,0.1,0.2,0.4,0.5,1.0,-1.0,3.2778522968292236,254.64334106445312,3.581892728805542,0.30404043197631836,251.3654887676239,0.6563720703125,0.6185302734375,0.2200927734375,0.26239943504333496,0.6835980415344238
higgs_public,NLL_OOD,Cov90_OOD,0.12,0.02,0.1,0.2,0.4,0.5,1.0,0.85,3.2778522968292236,254.64334106445312,4.043303966522217,0.7654516696929932,251.3654887676239,0.6563720703125,0.6163330078125,0.2200927734375,0.05620612949132919,0.6835980415344238
higgs_public,NLL_OOD,Cov90_OOD,0.12,0.02,0.1,0.2,0.4,0.5,2.0,-1.0,3.2778522968292236,254.64334106445312,3.7587504386901855,0.4808981418609619,251.3654887676239,0.6563720703125,0.6107177734375,0.2200927734375,0.16356752812862396,0.6835980415344238
higgs_public,NLL_OOD,Cov90_OOD,0.12,0.02,0.1,0.2,0.4,0.5,2.0,0.85,3.2778522968292236,254.64334106445312,4.014911651611328,0.7370593547821045,251.3654887676239,0.6563720703125,0.6256103515625,0.2200927734375,0.023909350857138634,0.6835980415344238
higgs_public,NLL_OOD,Cov90_OOD,0.12,0.02,0.2,0.0,0.4,0.25,1.0,-1.0,3.2778522968292236,254.64334106445312,4.345648288726807,1.067795991897583,251.3654887676239,0.6563720703125,0.611083984375,0.2200927734375,0.4556223154067993,0.32233214378356934
higgs_public,NLL_OOD,Cov90_OOD,0.12,0.02,0.2,0.0,0.4,0.25,1.0,0.85,3.2778522968292236,254.64334106445312,4.592331886291504,1.3144795894622803,251.3654887676239,0.6563720703125,0.6033935546875,0.2200927734375,0.1454712152481079,0.32233214378356934
higgs_public,NLL_OOD,Cov90_OOD,0.12,0.02,0.2,0.0,0.4,0.25,2.0,-1.0,3.2778522968292236,254.64334106445312,4.480982780456543,1.2031304836273193,251.3654887676239,0.6563720703125,0.6112060546875,0.2200927734375,0.31930452585220337,0.32233214378356934
higgs_public,NLL_OOD,Cov90_OOD,0.12,0.02,0.2,0.0,0.4,0.25,2.0,0.85,3.2778522968292236,254.64334106445312,4.583441734313965,1.3055894374847412,251.3654887676239,0.6563720703125,0.6082763671875,0.2200927734375,0.0678114965558052,0.32233214378356934
higgs_public,NLL_OOD,Cov90_OOD,0.12,0.02,0.2,0.0,0.4,0.5,1.0,-1.0,3.2778522968292236,254.64334106445312,3.9216270446777344,0.6437747478485107,251.3654887676239,0.6563720703125,0.6158447265625,0.2200927734375,0.4556223154067993,0.32233214378356934
higgs_public,NLL_OOD,Cov90_OOD,0.12,0.02,0.2,0.0,0.4,0.5,1.0,0.85,3.2778522968292236,254.64334106445312,4.225437164306641,0.947584867477417,251.3654887676239,0.6563720703125,0.611083984375,0.2200927734375,0.1454712152481079,0.32233214378356934
higgs_public,NLL_OOD,Cov90_OOD,0.12,0.02,0.2,0.0,0.4,0.5,2.0,-1.0,3.2778522968292236,254.64334106445312,4.010022163391113,0.7321698665618896,251.3654887676239,0.6563720703125,0.6129150390625,0.2200927734375,0.31930452585220337,0.32233214378356934
higgs_public,NLL_OOD,Cov90_OOD,0.12,0.02,0.2,0.0,0.4,0.5,2.0,0.85,3.2778522968292236,254.64334106445312,4.127813339233398,0.8499610424041748,251.3654887676239,0.6563720703125,0.620849609375,0.2200927734375,0.0678114965558052,0.32233214378356934
higgs_public,NLL_OOD,Cov90_OOD,0.12,0.02,0.2,0.1,0.4,0.25,1.0,-1.0,3.2778522968292236,254.64334106445312,4.013631343841553,0.7357790470123291,251.3654887676239,0.6563720703125,0.6014404296875,0.2200927734375,0.33082735538482666,0.49756571650505066
higgs_public,NLL_OOD,Cov90_OOD,0.12,0.02,0.2,0.1,0.4,0.25,1.0,0.85,3.2778522968292236,254.64334106445312,4.435277462005615,1.1574251651763916,251.3654887676239,0.6563720703125,0.591796875,0.2200927734375,0.07230104506015778,0.49756571650505066
higgs_public,NLL_OOD,Cov90_OOD,0.12,0.02,0.2,0.1,0.4,0.25,2.0,-1.0,3.2778522968292236,254.64334106445312,4.215251445770264,0.93739914894104,251.3654887676239,0.6563720703125,0.594482421875,0.2200927734375,0.20920218527317047,0.49756571650505066
higgs_public,NLL_OOD,Cov90_OOD,0.12,0.02,0.2,0.1,0.4,0.25,2.0,0.85,3.2778522968292236,254.64334106445312,4.259721279144287,0.9818689823150635,251.3654887676239,0.6563720703125,0.61279296875,0.2200927734375,0.028285428881645203,0.49756571650505066
higgs_public,NLL_OOD,Cov90_OOD,0.12,0.02,0.2,0.1,0.4,0.5,1.0,-1.0,3.2778522968292236,254.64334106445312,3.6805579662323,0.40270566940307617,251.3654887676239,0.6563720703125,0.607177734375,0.2200927734375,0.33082735538482666,0.49756571650505066
higgs_public,NLL_OOD,Cov90_OOD,0.12,0.02,0.2,0.1,0.4,0.5,1.0,0.85,3.2778522968292236,254.64334106445312,4.081655979156494,0.8038036823272705,251.3654887676239,0.6563720703125,0.60986328125,0.2200927734375,0.07230104506015778,0.49756571650505066
higgs_public,NLL_OOD,Cov90_OOD,0.12,0.02,0.2,0.1,0.4,0.5,2.0,-1.0,3.2778522968292236,254.64334106445312,3.824190855026245,0.5463385581970215,251.3654887676239,0.6563720703125,0.6038818359375,0.2200927734375,0.20920218527317047,0.49756571650505066
higgs_public,NLL_OOD,Cov90_OOD,0.12,0.02,0.2,0.1,0.4,0.5,2.0,0.85,3.2778522968292236,254.64334106445312,3.9311087131500244,0.6532564163208008,251.3654887676239,0.6563720703125,0.6243896484375,0.2200927734375,0.028285428881645203,0.49756571650505066
higgs_public,NLL_OOD,Cov90_OOD,0.12,0.02,0.2,0.2,0.4,0.25,1.0,-1.0,3.2778522968292236,254.64334106445312,3.998291492462158,0.7204391956329346,251.3654887676239,0.6563720703125,0.5947265625,0.2200927734375,0.25418585538864136,0.6581594944000244
higgs_public,NLL_OOD,Cov90_OOD,0.12,0.02,0.2,0.2,0.4,0.25,1.0,0.85,3.2778522968292236,254.64334106445312,4.406620025634766,1.128767728805542,251.3654887676239,0.6563720703125,0.58544921875,0.2200927734375,0.04014109447598457,0.6581594944000244
higgs_public,NLL_OOD,Cov90_OOD,0.12,0.02,0.2,0.2,0.4,0.25,2.0,-1.0,3.2778522968292236,254.64334106445312,4.160660743713379,0.8828084468841553,251.3654887676239,0.6563720703125,0.587646484375,0.2200927734375,0.14820393919944763,0.6581594944000244
higgs_public,NLL_OOD,Cov90_OOD,0.12,0.02,0.2,0.2,0.4,0.25,2.0,0.85,3.2778522968292236,254.64334106445312,4.324635028839111,1.0467827320098877,251.3654887676239,0.6563720703125,0.611572265625,0.2200927734375,0.01409105584025383,0.6581594944000244
higgs_public,NLL_OOD,Cov90_OOD,0.12,0.02,0.2,0.2,0.4,0.5,1.0,-1.0,3.2778522968292236,254.64334106445312,3.6650469303131104,0.3871946334838867,251.3654887676239,0.6563720703125,0.5989990234375,0.2200927734375,0.25418585538864136,0.6581594944000244
higgs_public,NLL_OOD,Cov90_OOD,0.12,0.02,0.2,0.2,0.4,0.5,1.0,0.85,3.2778522968292236,254.64334106445312,4.158193111419678,0.8803408145904541,251.3654887676239,0.6563720703125,0.596435546875,0.2200927734375,0.04014109447598457,0.6581594944000244
higgs_public,NLL_OOD,Cov90_OOD,0.12,0.02,0.2,0.2,0.4,0.5,2.0,-1.0,3.2778522968292236,254.64334106445312,3.8668081760406494,0.5889558792114258,251.3654887676239,0.6563720703125,0.5958251953125,0.2200927734375,0.14820393919944763,0.6581594944000244
higgs_public,NLL_OOD,Cov90_OOD,0.12,0.02,0.2,0.2,0.4,0.5,2.0,0.85,3.2778522968292236,254.64334106445312,3.986672878265381,0.7088205814361572,251.3654887676239,0.6563720703125,0.6041259765625,0.2200927734375,0.01409105584025383,0.6581594944000244
higgs_public,NLL_OOD,Cov90_OOD,0.12,0.05,0.0,0.0,0.4,0.25,1.0,-1.0,3.2778522968292236,254.64334106445312,4.263036727905273,0.9851844310760498,251.3654887676239,0.6563720703125,0.63818359375,0.2200927734375,0.9255940318107605,0.010372677817940712
higgs_public,NLL_OOD,Cov90_OOD,0.12,0.05,0.0,0.0,0.4,0.25,1.0,0.85,3.2778522968292236,254.64334106445312,4.270141124725342,0.9922888278961182,251.3654887676239,0.6563720703125,0.6383056640625,0.2200927734375,0.8202624320983887,0.010372677817940712
higgs_public,NLL_OOD,Cov90_OOD,0.12,0.05,0.0,0.0,0.4,0.25,2.0,-1.0,3.2778522968292236,254.64334106445312,4.252764701843262,0.9749124050140381,251.3654887676239,0.6563720703125,0.63671875,0.2200927734375,0.8679327368736267,0.010372677817940712
higgs_public,NLL_OOD,Cov90_OOD,0.12,0.05,0.0,0.0,0.4,0.25,2.0,0.85,3.2778522968292236,254.64334106445312,4.252040386199951,0.9741880893707275,251.3654887676239,0.6563720703125,0.63671875,0.2200927734375,0.6809298992156982,0.010372677817940712
higgs_public,NLL_OOD,Cov90_OOD,0.12,0.05,0.0,0.0,0.4,0.5,1.0,-1.0,3.2778522968292236,254.64334106445312,3.9843103885650635,0.7064580917358398,251.3654887676239,0.6563720703125,0.6451416015625,0.2200927734375,0.9255940318107605,0.010372677817940712
higgs_public,NLL_OOD,Cov90_OOD,0.12,0.05,0.0,0.0,0.4,0.5,1.0,0.85,3.2778522968292236,254.64334106445312,4.039870738983154,0.7620184421539307,251.3654887676239,0.6563720703125,0.64501953125,0.2200927734375,0.8202624320983887,0.010372677817940712
higgs_public,NLL_OOD,Cov90_OOD,0.12,0.05,0.0,0.0,0.4,0.5,2.0,-1.0,3.2778522968292236,254.64334106445312,4.013956069946289,0.7361037731170654,251.3654887676239,0.6563720703125,0.6439208984375,0.2200927734375,0.8679327368736267,0.010372677817940712
higgs_public,NLL_OOD,Cov90_OOD,0.12,0.05,0.0,0.0,0.4,0.5,2.0,0.85,3.2778522968292236,254.64334106445312,4.052562713623047,0.7747104167938232,251.3654887676239,0.6563720703125,0.6444091796875,0.2200927734375,0.6809298992156982,0.010372677817940712
higgs_public,NLL_OOD,Cov90_OOD,0.12,0.05,0.0,0.1,0.4,0.25,1.0,-1.0,3.2778522968292236,254.64334106445312,4.186790466308594,0.9089381694793701,251.3654887676239,0.6563720703125,0.62939453125,0.2200927734375,0.4428552985191345,0.36729663610458374
higgs_public,NLL_OOD,Cov90_OOD,0.12,0.05,0.0,0.1,0.4,0.25,1.0,0.85,3.2778522968292236,254.64334106445312,4.520862579345703,1.2430102825164795,251.3654887676239,0.6563720703125,0.624755859375,0.2200927734375,0.19098682701587677,0.36729663610458374
higgs_public,NLL_OOD,Cov90_OOD,0.12,0.05,0.0,0.1,0.4,0.25,2.0,-1.0,3.2778522968292236,254.64334106445312,4.309871673583984,1.0320193767547607,251.3654887676239,0.6563720703125,0.6292724609375,0.2200927734375,0.3272048532962799,0.36729663610458374
higgs_public,NLL_OOD,Cov90_OOD,0.12,0.05,0.0,0.1,0.4,0.25,2.0,0.85,3.2778522968292236,254.64334106445312,4.5408735275268555,1.2630212306976318,251.3654887676239,0.6563720703125,0.6302490234375,0.2200927734375,0.11425770819187164,0.36729663610458374
higgs_public,NLL_OOD,Cov90_OOD,0.12,0.05,0.0,0.1,0.4,0.5,1.0,-1.0,3.2778522968292236,254.64334106445312,3.8506810665130615,0.5728287696838379,251.3654887676239,0.6563720703125,0.6337890625,0.2200927734375,0.4428552985191345,0.36729663610458374
higgs_public,NLL_OOD,Cov90_OOD,0.12,0.05,0.0,0.1,0.4,0.5,1.0,0.85,3.2778522968292236,254.64334106445312,4.115237712860107,0.8373854160308838,251.3654887676239,0.6563720703125,0.630126953125,0.2200927734375,0.19098682701587677,0.36729663610458374
higgs_public,NLL_OOD,Cov90_OOD,0.12,0.05,0.0,0.1,0.4,0.5,2.0,-1.0,3.2778522968292236,254.64334106445312,4.001631736755371,0.7237794399261475,251.3654887676239,0.6563720703125,0.6297607421875,0.2200927734375,0.3272048532962799,0.36729663610458374
higgs_public,NLL_OOD,Cov90_OOD,0.12,0.05,0.0,0.1,0.4,0.5,2.0,0.85,3.2778522968292236,254.64334106445312,4.188673496246338,0.9108211994171143,251.3654887676239,0.6563720703125,0.636474609375,0.2200927734375,0.11425770819187164,0.36729663610458374
higgs_public,NLL_OOD,Cov90_OOD,0.12,0.05,0.0,0.2,0.4,0.25,1.0,-1.0,3.2778522968292236,254.64334106445312,4.010542392730713,0.7326900959014893,251.3654887676239,0.6563720703125,0.62158203125,0.2200927734375,0.2740880846977234,0.7092173099517822
higgs_public,NLL_OOD,Cov90_OOD,0.12,0.05,0.0,0.2,0.4,0.25,1.0,0.85,3.2778522968292236,254.64334106445312,4.626482009887695,1.3486297130584717,251.3654887676239,0.6563720703125,0.6239013671875,0.2200927734375,0.07827715575695038,0.7092173099517822
higgs_public,NLL_OOD,Cov90_OOD,0.12,0.05,0.0,0.2,0.4,0.25,2.0,-1.0,3.2778522968292236,254.64334106445312,4.193485260009766,0.915632963180542,251.3654887676239,0.6563720703125,0.61865234375,0.2200927734375,0.18023711442947388,0.7092173099517822
higgs_public,NLL_OOD,Cov90_OOD,0.12,0.05,0.0,0.2,0.4,0.25,2.0,0.85,3.2778522968292236,254.64334106445312,4.40696907043457,1.1291167736053467,251.3654887676239,0.6563720703125,0.635009765625,0.2200927734375,0.03790147975087166,0.7092173099517822
higgs_public,NLL_OOD,Cov90_OOD,0.12,0.05,0.0,0.2,0.4,0.5,1.0,-1.0,3.2778522968292236,254.64334106445312,3.7313249111175537,0.4534726142883301,251.3654887676239,0.6563720703125,0.6241455078125,0.2200927734375,0.2740880846977234,0.7092173099517822
higgs_public,NLL_OOD,Cov90_OOD,0.12,0.05,0.0,0.2,0.4,0.5,1.0,0.85,3.2778522968292236,254.64334106445312,4.181333065032959,0.9034807682037354,251.3654887676239,0.6563720703125,0.6278076171875,0.2200927734375,0.07827715575695038,0.7092173099517822
higgs_public,NLL_OOD,Cov90_OOD,0.12,0.05,0.0,0.2,0.4,0.5,2.0,-1.0,3.2778522968292236,254.64334106445312,3.8595774173736572,0.5817251205444336,251.3654887676239,0.6563720703125,0.6226806640625,0.2200927734375,0.18023711442947388,0.7092173099517822
higgs_public,NLL_OOD,Cov90_OOD,0.12,0.05,0.0,0.2,0.4,0.5,2.0,0.85,3.2778522968292236,254.64334106445312,4.175503730773926,0.8976514339447021,251.3654887676239,0.6563720703125,0.6324462890625,0.2200927734375,0.03790147975087166,0.7092173099517822
higgs_public,NLL_OOD,Cov90_OOD,0.12,0.05,0.1,0.0,0.4,0.25,1.0,-1.0,3.2778522968292236,254.64334106445312,4.397330284118652,1.1194779872894287,251.3654887676239,0.6563720703125,0.6298828125,0.2200927734375,0.5877701044082642,0.167097806930542
higgs_public,NLL_OOD,Cov90_OOD,0.12,0.05,0.1,0.0,0.4,0.25,1.0,0.85,3.2778522968292236,254.64334106445312,4.584867477416992,1.3070151805877686,251.3654887676239,0.6563720703125,0.618896484375,0.2200927734375,0.27763062715530396,0.167097806930542
higgs_public,NLL_OOD,Cov90_OOD,0.12,0.05,0.1,0.0,0.4,0.25,2.0,-1.0,3.2778522968292236,254.64334106445312,4.486241817474365,1.2083895206451416,251.3654887676239,0.6563720703125,0.62353515625,0.2200927734375,0.4551387429237366,0.167097806930542
higgs_public,NLL_OOD,Cov90_OOD,0.12,0.05,0.1,0.0,0.4,0.25,2.0,0.85,3.2778522968292236,254.64334106445312,4.553021430969238,1.2751691341400146,251.3654887676239,0.6563720703125,0.622314453125,0.2200927734375,0.15782611072063446,0.167097806930542
higgs_public,NLL_OOD,Cov90_OOD,0.12,0.05,0.1,0.0,0.4,0.5,1.0,-1.0,3.2778522968292236,254.64334106445312,3.985703229904175,0.7078509330749512,251.3654887676239,0.6563720703125,0.6287841796875,0.2200927734375,0.5877701044082642,0.167097806930542
higgs_public,NLL_OOD,Cov90_OOD,0.12,0.05,0.1,0.0,0.4,0.5,1.0,0.85,3.2778522968292236,254.64334106445312,4.185260772705078,0.9074084758758545,251.3654887676239,0.6563720703125,0.62890625,0.2200927734375,0.27763062715530396,0.167097806930542
higgs_public,NLL_OOD,Cov90_OOD,0.12,0.05,0.1,0.0,0.4,0.5,2.0,-1.0,3.2778522968292236,254.64334106445312,4.009812355041504,0.7319600582122803,251.3654887676239,0.6563720703125,0.629150390625,0.2200927734375,0.4551387429237366,0.167097806930542
higgs_public,NLL_OOD,Cov90_OOD,0.12,0.05,0.1,0.0,0.4,0.5,2.0,0.85,3.2778522968292236,254.64334106445312,4.11583137512207,0.8379790782928467,251.3654887676239,0.6563720703125,0.6337890625,0.2200927734375,0.15782611072063446,0.167097806930542
higgs_public,NLL_OOD,Cov90_OOD,0.12,0.05,0.1,0.1,0.4,0.25,1.0,-1.0,3.2778522968292236,254.64334106445312,3.976358652114868,0.6985063552856445,251.3654887676239,0.6563720703125,0.6195068359375,0.2200927734375,0.3676370084285736,0.4364781379699707
higgs_public,NLL_OOD,Cov90_OOD,0.12,0.05,0.1,0.1,0.4,0.25,1.0,0.85,3.2778522968292236,254.64334106445312,4.317079067230225,1.039226770401001,251.3654887676239,0.6563720703125,0.6175537109375,0.2200927734375,0.10943982005119324,0.4364781379699707
higgs_public,NLL_OOD,Cov90_OOD,0.12,0.05,0.1,0.1,0.4,0.25,2.0,-1.0,3.2778522968292236,254.64334106445312,4.078181743621826,0.8003294467926025,251.3654887676239,0.6563720703125,0.6165771484375,0.2200927734375,0.24915175139904022,0.4364781379699707
higgs_public,NLL_OOD,Cov90_OOD,0.12,0.05,0.1,0.1,0.4,0.25,2.0,0.85,3.2778522968292236,254.64334106445312,4.255449295043945,0.9775969982147217,251.3654887676239,0.6563720703125,0.6097412109375,0.2200927734375,0.05091298371553421,0.4364781379699707
higgs_public,NLL_OOD,Cov90_OOD,0.12,0.05,0.1,0.1,0.4,0.5,1.0,-1.0,3.2778522968292236,254.64334106445312,3.6788132190704346,0.40096092224121094,251.3654887676239,0.6563720703125,0.625244140625,0.2200927734375,0.3676370084285736,0.4364781379699707
higgs_public,NLL_OOD,Cov90_OOD,0.12,0.05,0.1,0.1,0.4,0.5,1.0,0.85,3.2778522968292236,254.64334106445312,3.9637675285339355,0.6859152317047119,251.3654887676239,0.6563720703125,0.625732421875,0.2200927734375,0.10943982005119324,0.4364781379699707
higgs_public,NLL_OOD,Cov90_OOD,0.12,0.05,0.1,0.1,0.4,0.5,2.0,-1.0,3.2778522968292236,254.64334106445312,3.807828664779663,0.5299763679504395,251.3654887676239,0.6563720703125,0.62353515625,0.2200927734375,0.24915175139904022,0.4364781379699707
higgs_public,NLL_OOD,Cov90_OOD,0.12,0.05,0.1,0.1,0.4,0.5,2.0,0.85,3.2778522968292236,254.64334106445312,4.0105791091918945,0.7327268123626709,251.3654887676239,0.6563720703125,0.6201171875,0.2200927734375,0.05091298371553421,0.4364781379699707
higgs_public,NLL_OOD,Cov90_OOD,0.12,0.05,0.1,0.2,0.4,0.25,1.0,-1.0,3.2778522968292236,254.64334106445312,3.97686767578125,0.6990153789520264,251.3654887676239,0.6563720703125,0.6065673828125,0.2200927734375,0.25742852687835693,0.6891570091247559
higgs_public,NLL_OOD,Cov90_OOD,0.12,0.05,0.1,0.2,0.4,0.25,1.0,0.85,3.2778522968292236,254.64334106445312,4.171758651733398,0.8939063549041748,251.3654887676239,0.6563720703125,0.61962890625,0.2200927734375,0.054522499442100525,0.6891570091247559
higgs_public,NLL_OOD,Cov90_OOD,0.12,0.05,0.1,0.2,0.4,0.25,2.0,-1.0,3.2778522968292236,254.64334106445312,4.127556800842285,0.8497045040130615,251.3654887676239,0.6563720703125,0.6031494140625,0.2200927734375,0.15935444831848145,0.6891570091247559
higgs_public,NLL_OOD,Cov90_OOD,0.12,0.05,0.1,0.2,0.4,0.25,2.0,0.85,3.2778522968292236,254.64334106445312,4.241271018981934,0.96341872215271,251.3654887676239,0.6563720703125,0.6358642578125,0.2200927734375,0.021304938942193985,0.6891570091247559
higgs_public,NLL_OOD,Cov90_OOD,0.12,0.05,0.1,0.2,0.4,0.5,1.0,-1.0,3.2778522968292236,254.64334106445312,3.607295274734497,0.32944297790527344,251.3654887676239,0.6563720703125,0.61376953125,0.2200927734375,0.25742852687835693,0.6891570091247559
higgs_public,NLL_OOD,Cov90_OOD,0.12,0.05,0.1,0.2,0.4,0.5,1.0,0.85,3.2778522968292236,254.64334106445312,3.953439235687256,0.6755869388580322,251.3654887676239,0.6563720703125,0.618408203125,0.2200927734375,0.054522499442100525,0.6891570091247559
higgs_public,NLL_OOD,Cov90_OOD,0.12,0.05,0.1,0.2,0.4,0.5,2.0,-1.0,3.2778522968292236,254.64334106445312,3.7617015838623047,0.48384928703308105,251.3654887676239,0.6563720703125,0.610595703125,0.2200927734375,0.15935444831848145,0.6891570091247559
higgs_public,NLL_OOD,Cov90_OOD,0.12,0.05,0.1,0.2,0.4,0.5,2.0,0.85,3.2778522968292236,254.64334106445312,3.986053943634033,0.7082016468048096,251.3654887676239,0.6563720703125,0.623046875,0.2200927734375,0.021304938942193985,0.6891570091247559
higgs_public,NLL_OOD,Cov90_OOD,0.12,0.05,0.2,0.0,0.4,0.25,1.0,-1.0,3.2778522968292236,254.64334106445312,4.334842681884766,1.056990385055542,251.3654887676239,0.6563720703125,0.61376953125,0.2200927734375,0.44661614298820496,0.326383501291275
higgs_public,NLL_OOD,Cov90_OOD,0.12,0.05,0.2,0.0,0.4,0.25,1.0,0.85,3.2778522968292236,254.64334106445312,4.592607021331787,1.3147547245025635,251.3654887676239,0.6563720703125,0.6029052734375,0.2200927734375,0.13731099665164948,0.326383501291275
higgs_public,NLL_OOD,Cov90_OOD,0.12,0.05,0.2,0.0,0.4,0.25,2.0,-1.0,3.2778522968292236,254.64334106445312,4.432660102844238,1.1548078060150146,251.3654887676239,0.6563720703125,0.6104736328125,0.2200927734375,0.31005579233169556,0.326383501291275
higgs_public,NLL_OOD,Cov90_OOD,0.12,0.05,0.2,0.0,0.4,0.25,2.0,0.85,3.2778522968292236,254.64334106445312,4.626644611358643,1.348792314529419,251.3654887676239,0.6563720703125,0.609375,0.2200927734375,0.06332620233297348,0.326383501291275
higgs_public,NLL_OOD,Cov90_OOD,0.12,0.05,0.2,0.0,0.4,0.5,1.0,-1.0,3.2778522968292236,254.64334106445312,3.874887466430664,0.5970351696014404,251.3654887676239,0.6563720703125,0.613037109375,0.2200927734375,0.44661614298820496,0.326383501291275
higgs_public,NLL_OOD,Cov90_OOD,0.12,0.05,0.2,0.0,0.4,0.5,1.0,0.85,3.2778522968292236,254.64334106445312,4.243352890014648,0.9655005931854248,251.3654887676239,0.6563720703125,0.610107421875,0.2200927734375,0.13731099665164948,0.326383501291275
higgs_public,NLL_OOD,Cov90_OOD,0.12,0.05,0.2,0.0,0.4,0.5,2.0,-1.0,3.2778522968292236,254.64334106445312,4.000799655914307,0.722947359085083,251.3654887676239,0.6563720703125,0.6116943359375,0.2200927734375,0.31005579233169556,0.326383501291275
higgs_public,NLL_OOD,Cov90_OOD,0.12,0.05,0.2,0.0,0.4,0.5,2.0,0.85,3.2778522968292236,254.64334106445312,4.161618709564209,0.8837664127349854,251.3654887676239,0.6563720703125,0.6187744140625,0.2200927734375,0.06332620233297348,0.326383501291275
higgs_public,NLL_OOD,Cov90_OOD,0.12,0.05,0.2,0.1,0.4,0.25,1.0,-1.0,3.2778522968292236,254.64334106445312,3.994826316833496,0.7169740200042725,251.3654887676239,0.6563720703125,0.6015625,0.2200927734375,0.3251212239265442,0.5021302103996277
higgs_public,NLL_OOD,Cov90_OOD,0.12,0.05,0.2,0.1,0.4,0.25,1.0,0.85,3.2778522968292236,254.64334106445312,4.38798189163208,1.1101295948028564,251.3654887676239,0.6563720703125,0.5975341796875,0.2200927734375,0.06956668943166733,0.5021302103996277
higgs_public,NLL_OOD,Cov90_OOD,0.12,0.05,0.2,0.1,0.4,0.25,2.0,-1.0,3.2778522968292236,254.64334106445312,4.176194190979004,0.8983418941497803,251.3654887676239,0.6563720703125,0.59716796875,0.2200927734375,0.2042904794216156,0.5021302103996277
higgs_public,NLL_OOD,Cov90_OOD,0.12,0.05,0.2,0.1,0.4,0.25,2.0,0.85,3.2778522968292236,254.64334106445312,4.299835205078125,1.0219829082489014,251.3654887676239,0.6563720703125,0.609619140625,0.2200927734375,0.02698296681046486,0.5021302103996277
higgs_public,NLL_OOD,Cov90_OOD,0.12,0.05,0.2,0.1,0.4,0.5,1.0,-1.0,3.2778522968292236,254.64334106445312,3.6441709995269775,0.3663187026977539,251.3654887676239,0.6563720703125,0.6104736328125,0.2200927734375,0.3251212239265442,0.5021302103996277
higgs_public,NLL_OOD,Cov90_OOD,0.12,0.05,0.2,0.1,0.4,0.5,1.0,0.85,3.2778522968292236,254.64334106445312,4.057912349700928,0.7800600528717041,251.3654887676239,0.6563720703125,0.6123046875,0.2200927734375,0.06956668943166733,0.5021302103996277
higgs_public,NLL_OOD,Cov90_OOD,0.12,0.05,0.2,0.1,0.4,0.5,2.0,-1.0,3.2778522968292236,254.64334106445312,3.8212218284606934,0.5433695316314697,251.3654887676239,0.6563720703125,0.6070556640625,0.2200927734375,0.2042904794216156,0.5021302103996277
higgs_public,NLL_OOD,Cov90_OOD,0.12,0.05,0.2,0.1,0.4,0.5,2.0,0.85,3.2778522968292236,254.64334106445312,4.005957126617432,0.728104829788208,251.3654887676239,0.6563720703125,0.6231689453125,0.2200927734375,0.02698296681046486,0.5021302103996277
higgs_public,NLL_OOD,Cov90_OOD,0.12,0.05,0.2,0.2,0.4,0.25,1.0,-1.0,3.2778522968292236,254.64334106445312,4.01881742477417,0.7409651279449463,251.3654887676239,0.6563720703125,0.59521484375,0.2200927734375,0.250225692987442,0.6620259284973145
higgs_public,NLL_OOD,Cov90_OOD,0.12,0.05,0.2,0.2,0.4,0.25,1.0,0.85,3.2778522968292236,254.64334106445312,4.420767784118652,1.1429154872894287,251.3654887676239,0.6563720703125,0.5850830078125,0.2200927734375,0.038088731467723846,0.6620259284973145
higgs_public,NLL_OOD,Cov90_OOD,0.12,0.05,0.2,0.2,0.4,0.25,2.0,-1.0,3.2778522968292236,254.64334106445312,4.174412727355957,0.8965604305267334,251.3654887676239,0.6563720703125,0.5926513671875,0.2200927734375,0.14499017596244812,0.6620259284973145
higgs_public,NLL_OOD,Cov90_OOD,0.12,0.05,0.2,0.2,0.4,0.25,2.0,0.85,3.2778522968292236,254.64334106445312,4.128635883331299,0.8507835865020752,251.3654887676239,0.6563720703125,0.6236572265625,0.2200927734375,0.013396188616752625,0.6620259284973145
higgs_public,NLL_OOD,Cov90_OOD,0.12,0.05,0.2,0.2,0.4,0.5,1.0,-1.0,3.2778522968292236,254.64334106445312,3.6507272720336914,0.3728749752044678,251.3654887676239,0.6563720703125,0.6007080078125,0.2200927734375,0.250225692987442,0.6620259284973145
higgs_public,NLL_OOD,Cov90_OOD,0.12,0.05,0.2,0.2,0.4,0.5,1.0,0.85,3.2778522968292236,254.64334106445312,4.110986709594727,0.8331344127655029,251.3654887676239,0.6563720703125,0.59765625,0.2200927734375,0.038088731467723846,0.6620259284973145
higgs_public,NLL_OOD,Cov90_OOD,0.12,0.05,0.2,0.2,0.4,0.5,2.0,-1.0,3.2778522968292236,254.64334106445312,3.853334903717041,0.5754826068878174,251.3654887676239,0.6563720703125,0.595947265625,0.2200927734375,0.14499017596244812,0.6620259284973145
higgs_public,NLL_OOD,Cov90_OOD,0.12,0.05,0.2,0.2,0.4,0.5,2.0,0.85,3.2778522968292236,254.64334106445312,3.974687099456787,0.6968348026275635,251.3654887676239,0.6563720703125,0.614013671875,0.2200927734375,0.013396188616752625,0.6620259284973145
higgs_public,NLL_OOD,Cov90_OOD,0.12,0.1,0.0,0.0,0.4,0.25,1.0,-1.0,3.2778522968292236,254.64334106445312,4.251884460449219,0.9740321636199951,251.3654887676239,0.6563720703125,0.6378173828125,0.2200927734375,0.7784748673439026,0.04221619293093681
higgs_public,NLL_OOD,Cov90_OOD,0.12,0.1,0.0,0.0,0.4,0.25,1.0,0.85,3.2778522968292236,254.64334106445312,4.2407402992248535,0.9628880023956299,251.3654887676239,0.6563720703125,0.6351318359375,0.2200927734375,0.5089439749717712,0.04221619293093681
higgs_public,NLL_OOD,Cov90_OOD,0.12,0.1,0.0,0.0,0.4,0.25,2.0,-1.0,3.2778522968292236,254.64334106445312,4.213992118835449,0.9361398220062256,251.3654887676239,0.6563720703125,0.6380615234375,0.2200927734375,0.6616530418395996,0.04221619293093681
higgs_public,NLL_OOD,Cov90_OOD,0.12,0.1,0.0,0.0,0.4,0.25,2.0,0.85,3.2778522968292236,254.64334106445312,4.2655134201049805,0.9876611232757568,251.3654887676239,0.6563720703125,0.634765625,0.2200927734375,0.3421025574207306,0.04221619293093681
higgs_public,NLL_OOD,Cov90_OOD,0.12,0.1,0.0,0.0,0.4,0.5,1.0,-1.0,3.2778522968292236,254.64334106445312,3.9231274127960205,0.6452751159667969,251.3654887676239,0.6563720703125,0.648193359375,0.2200927734375,0.7784748673439026,0.04221619293093681
higgs_public,NLL_OOD,Cov90_OOD,0.12,0.1,0.0,0.0,0.4,0.5,1.0,0.85,3.2778522968292236,254.64334106445312,3.9659740924835205,0.6881217956542969,251.3654887676239,0.6563720703125,0.646728515625,0.2200927734375,0.5089439749717712,0.04221619293093681
higgs_public,NLL_OOD,Cov90_OOD,0.12,0.1,0.0,0.0,0.4,0.5,2.0,-1.0,3.2778522968292236,254.64334106445312,3.9694032669067383,0.6915509700775146,251.3654887676239,0.6563720703125,0.647216796875,0.2200927734375,0.6616530418395996,0.04221619293093681
higgs_public,NLL_OOD,Cov90_OOD,0.12,0.1,0.0,0.0,0.4,0.5,2.0,0.85,3.2778522968292236,254.64334106445312,4.020757675170898,0.7429053783416748,251.3654887676239,0.6563720703125,0.641845703125,0.2200927734375,0.3421025574207306,0.04221619293093681
higgs_public,NLL_OOD,Cov90_OOD,0.12,0.1,0.0,0.1,0.4,0.25,1.0,-1.0,3.2778522968292236,254.64334106445312,4.164858818054199,0.8870065212249756,251.3654887676239,0.6563720703125,0.6298828125,0.2200927734375,0.4037398099899292,0.3949587345123291
higgs_public,NLL_OOD,Cov90_OOD,0.12,0.1,0.0,0.1,0.4,0.25,1.0,0.85,3.2778522968292236,254.64334106445312,4.438752174377441,1.1608998775482178,251.3654887676239,0.6563720703125,0.630126953125,0.2200927734375,0.14712223410606384,0.3949587345123291
higgs_public,NLL_OOD,Cov90_OOD,0.12,0.1,0.0,0.1,0.4,0.25,2.0,-1.0,3.2778522968292236,254.64334106445312,4.242639064788818,0.9647867679595947,251.3654887676239,0.6563720703125,0.6273193359375,0.2200927734375,0.2863016724586487,0.3949587345123291
higgs_public,NLL_OOD,Cov90_OOD,0.12,0.1,0.0,0.1,0.4,0.25,2.0,0.85,3.2778522968292236,254.64334106445312,4.417250633239746,1.1393983364105225,251.3654887676239,0.6563720703125,0.6337890625,0.2200927734375,0.0802592784166336,0.3949587345123291
higgs_public,NLL_OOD,Cov90_OOD,0.12,0.1,0.0,0.1,0.4,0.5,1.0,-1.0,3.2778522968292236,254.64334106445312,3.831738233566284,0.5538859367370605,251.3654887676239,0.6563720703125,0.6351318359375,0.2200927734375,0.4037398099899292,0.3949587345123291
higgs_public,NLL_OOD,Cov90_OOD,0.12,0.1,0.0,0.1,0.4,0.5,1.0,0.85,3.2778522968292236,254.64334106445312,4.140570640563965,0.8627183437347412,251.3654887676239,0.6563720703125,0.629638671875,0.2200927734375,0.14712223410606384,0.3949587345123291
higgs_public,NLL_OOD,Cov90_OOD,0.12,0.1,0.0,0.1,0.4,0.5,2.0,-1.0,3.2778522968292236,254.64334106445312,3.9050614833831787,0.6272091865539551,251.3654887676239,0.6563720703125,0.6318359375,0.2200927734375,0.2863016724586487,0.3949587345123291
higgs_public,NLL_OOD,Cov90_OOD,0.12,0.1,0.0,0.1,0.4,0.5,2.0,0.85,3.2778522968292236,254.64334106445312,4.194002151489258,0.9161498546600342,251.3654887676239,0.6563720703125,0.6331787109375,0.2200927734375,0.0802592784166336,0.3949587345123291
higgs_public,NLL_OOD,Cov90_OOD,0.12,0.1,0.0,0.2,0.4,0.25,1.0,-1.0,3.2778522968292236,254.64334106445312,4.032486915588379,0.7546346187591553,251.3654887676239,0.6563720703125,0.6220703125,0.2200927734375,0.2547873556613922,0.7322065234184265
higgs_public,NLL_OOD,Cov90_OOD,0.12,0.1,0.0,0.2,0.4,0.25,1.0,0.85,3.2778522968292236,254.64334106445312,4.493849754333496,1.2159974575042725,251.3654887676239,0.6563720703125,0.621826171875,0.2200927734375,0.06310668587684631,0.7322065234184265
higgs_public,NLL_OOD,Cov90_OOD,0.12,0.1,0.0,0.2,0.4,0.25,2.0,-1.0,3.2778522968292236,254.64334106445312,4.1592302322387695,0.8813779354095459,251.3654887676239,0.6563720703125,0.618896484375,0.2200927734375,0.16263222694396973,0.7322065234184265
higgs_public,NLL_OOD,Cov90_OOD,0.12,0.1,0.0,0.2,0.4,0.25,2.0,0.85,3.2778522968292236,254.64334106445312,4.371543884277344,1.0936915874481201,251.3654887676239,0.6563720703125,0.635009765625,0.2200927734375,0.02867656573653221,0.7322065234184265
higgs_public,NLL_OOD,Cov90_OOD,0.12,0.1,0.0,0.2,0.4,0.5,1.0,-1.0,3.2778522968292236,254.64334106445312,3.6631460189819336,0.38529372215270996,251.3654887676239,0.6563720703125,0.6280517578125,0.2200927734375,0.2547873556613922,0.7322065234184265
higgs_public,NLL_OOD,Cov90_OOD,0.12,0.1,0.0,0.2,0.4,0.5,1.0,0.85,3.2778522968292236,254.64334106445312,4.13486909866333,0.8570168018341064,251.3654887676239,0.6563720703125,0.626953125,0.2200927734375,0.06310668587684631,0.7322065234184265
higgs_public,NLL_OOD,Cov90_OOD,0.12,0.1,0.0,0.2,0.4,0.5,2.0,-1.0,3.2778522968292236,254.64334106445312,3.807868719100952,0.5300164222717285,251.3654887676239,0.6563720703125,0.6234130859375,0.2200927734375,0.16263222694396973,0.7322065234184265
higgs_public,NLL_OOD,Cov90_OOD,0.12,0.1,0.0,0.2,0.4,0.5,2.0,0.85,3.2778522968292236,254.64334106445312,4.076611518859863,0.7987592220306396,251.3654887676239,0.6563720703125,0.6390380859375,0.2200927734375,0.02867656573653221,0.7322065234184265
higgs_public,NLL_OOD,Cov90_OOD,0.12,0.1,0.1,0.0,0.4,0.25,1.0,-1.0,3.2778522968292236,254.64334106445312,4.364899635314941,1.0870473384857178,251.3654887676239,0.6563720703125,0.6322021484375,0.2200927734375,0.5334903597831726,0.1912536919116974
higgs_public,NLL_OOD,Cov90_OOD,0.12,0.1,0.1,0.0,0.4,0.25,1.0,0.85,3.2778522968292236,254.64334106445312,4.420509338378906,1.1426570415496826,251.3654887676239,0.6563720703125,0.6239013671875,0.2200927734375,0.21572554111480713,0.1912536919116974
higgs_public,NLL_OOD,Cov90_OOD,0.12,0.1,0.1,0.0,0.4,0.25,2.0,-1.0,3.2778522968292236,254.64334106445312,4.4020209312438965,1.1241686344146729,251.3654887676239,0.6563720703125,0.627685546875,0.2200927734375,0.3957710862159729,0.1912536919116974
higgs_public,NLL_OOD,Cov90_OOD,0.12,0.1,0.1,0.0,0.4,0.25,2.0,0.85,3.2778522968292236,254.64334106445312,4.491946220397949,1.2140939235687256,251.3654887676239,0.6563720703125,0.63037109375,0.2200927734375,0.1132245734333992,0.1912536919116974
higgs_public,NLL_OOD,Cov90_OOD,0.12,0.1,0.1,0.0,0.4,0.5,1.0,-1.0,3.2778522968292236,254.64334106445312,3.883425712585449,0.6055734157562256,251.3654887676239,0.6563720703125,0.6334228515625,0.2200927734375,0.5334903597831726,0.1912536919116974
higgs_public,NLL_OOD,Cov90_OOD,0.12,0.1,0.1,0.0,0.4,0.5,1.0,0.85,3.2778522968292236,254.64334106445312,4.119459629058838,0.8416073322296143,251.3654887676239,0.6563720703125,0.6337890625,0.2200927734375,0.21572554111480713,0.1912536919116974
higgs_public,NLL_OOD,Cov90_OOD,0.12,0.1,0.1,0.0,0.4,0.5,2.0,-1.0,3.2778522968292236,254.64334106445312,3.969850540161133,0.6919982433319092,251.3654887676239,0.6563720703125,0.63037109375,0.2200927734375,0.3957710862159729,0.1912536919116974
higgs_public,NLL_OOD,Cov90_OOD,0.12,0.1,0.1,0.0,0.4,0.5,2.0,0.85,3.2778522968292236,254.64334106445312,4.122310638427734,0.8444583415985107,251.3654887676239,0.6563720703125,0.63330078125,0.2200927734375,0.1132245734333992,0.1912536919116974
higgs_public,NLL_OOD,Cov90_OOD,0.12,0.1,0.1,0.1,0.4,0.25,1.0,-1.0,3.2778522968292236,254.64334106445312,3.942711591720581,0.6648592948913574,251.3654887676239,0.6563720703125,0.6221923828125,0.2200927734375,0.34132373332977295,0.45879510045051575
higgs_public,NLL_OOD,Cov90_OOD,0.12,0.1,0.1,0.1,0.4,0.25,1.0,0.85,3.2778522968292236,254.64334106445312,4.285606384277344,1.0077540874481201,251.3654887676239,0.6563720703125,0.6162109375,0.2200927734375,0.08995825052261353,0.45879510045051575
higgs_public,NLL_OOD,Cov90_OOD,0.12,0.1,0.1,0.1,0.4,0.25,2.0,-1.0,3.2778522968292236,254.64334106445312,4.004307270050049,0.7264549732208252,251.3654887676239,0.6563720703125,0.6185302734375,0.2200927734375,0.22480639815330505,0.45879510045051575
higgs_public,NLL_OOD,Cov90_OOD,0.12,0.1,0.1,0.1,0.4,0.25,2.0,0.85,3.2778522968292236,254.64334106445312,4.214982986450195,0.9371306896209717,251.3654887676239,0.6563720703125,0.6171875,0.2200927734375,0.040001627057790756,0.45879510045051575
higgs_public,NLL_OOD,Cov90_OOD,0.12,0.1,0.1,0.1,0.4,0.5,1.0,-1.0,3.2778522968292236,254.64334106445312,3.6207001209259033,0.3428478240966797,251.3654887676239,0.6563720703125,0.629150390625,0.2200927734375,0.34132373332977295,0.45879510045051575
higgs_public,NLL_OOD,Cov90_OOD,0.12,0.1,0.1,0.1,0.4,0.5,1.0,0.85,3.2778522968292236,254.64334106445312,3.978308916091919,0.7004566192626953,251.3654887676239,0.6563720703125,0.621826171875,0.2200927734375,0.08995825052261353,0.45879510045051575
higgs_public,NLL_OOD,Cov90_OOD,0.12,0.1,0.1,0.1,0.4,0.5,2.0,-1.0,3.2778522968292236,254.64334106445312,3.742954969406128,0.4651026725769043,251.3654887676239,0.6563720703125,0.6236572265625,0.2200927734375,0.22480639815330505,0.45879510045051575
higgs_public,NLL_OOD,Cov90_OOD,0.12,0.1,0.1,0.1,0.4,0.5,2.0,0.85,3.2778522968292236,254.64334106445312,3.8958253860473633,0.6179730892181396,251.3654887676239,0.6563720703125,0.6278076171875,0.2200927734375,0.040001627057790756,0.45879510045051575
higgs_public,NLL_OOD,Cov90_OOD,0.12,0.1,0.1,0.2,0.4,0.25,1.0,-1.0,3.2778522968292236,254.64334106445312,3.9288368225097656,0.650984525680542,251.3654887676239,0.6563720703125,0.6072998046875,0.2200927734375,0.24165195226669312,0.7081891298294067
higgs_public,NLL_OOD,Cov90_OOD,0.12,0.1,0.1,0.2,0.4,0.25,1.0,0.85,3.2778522968292236,254.64334106445312,4.18748664855957,0.9096343517303467,251.3654887676239,0.6563720703125,0.6202392578125,0.2200927734375,0.04647593945264816,0.7081891298294067
higgs_public,NLL_OOD,Cov90_OOD,0.12,0.1,0.1,0.2,0.4,0.25,2.0,-1.0,3.2778522968292236,254.64334106445312,4.065432071685791,0.7875797748565674,251.3654887676239,0.6563720703125,0.6070556640625,0.2200927734375,0.1461450159549713,0.7081891298294067
higgs_public,NLL_OOD,Cov90_OOD,0.12,0.1,0.1,0.2,0.4,0.25,2.0,0.85,3.2778522968292236,254.64334106445312,4.129147529602051,0.8512952327728271,251.3654887676239,0.6563720703125,0.6331787109375,0.2200927734375,0.01695224456489086,0.7081891298294067
higgs_public,NLL_OOD,Cov90_OOD,0.12,0.1,0.1,0.2,0.4,0.5,1.0,-1.0,3.2778522968292236,254.64334106445312,3.563828468322754,0.2859761714935303,251.3654887676239,0.6563720703125,0.61767578125,0.2200927734375,0.24165195226669312,0.7081891298294067
higgs_public,NLL_OOD,Cov90_OOD,0.12,0.1,0.1,0.2,0.4,0.5,1.0,0.85,3.2778522968292236,254.64334106445312,3.848266839981079,0.5704145431518555,251.3654887676239,0.6563720703125,0.625,0.2200927734375,0.04647593945264816,0.7081891298294067
higgs_public,NLL_OOD,Cov90_OOD,0.12,0.1,0.1,0.2,0.4,0.5,2.0,-1.0,3.2778522968292236,254.64334106445312,3.7193658351898193,0.4415135383605957,251.3654887676239,0.6563720703125,0.61181640625,0.2200927734375,0.1461450159549713,0.7081891298294067
higgs_public,NLL_OOD,Cov90_OOD,0.12,0.1,0.1,0.2,0.4,0.5,2.0,0.85,3.2778522968292236,254.64334106445312,3.996100902557373,0.7182486057281494,251.3654887676239,0.6563720703125,0.62255859375,0.2200927734375,0.01695224456489086,0.7081891298294067
higgs_public,NLL_OOD,Cov90_OOD,0.12,0.1,0.2,0.0,0.4,0.25,1.0,-1.0,3.2778522968292236,254.64334106445312,4.322160720825195,1.0443084239959717,251.3654887676239,0.6563720703125,0.6168212890625,0.2200927734375,0.4181094169616699,0.3415980935096741
higgs_public,NLL_OOD,Cov90_OOD,0.12,0.1,0.2,0.0,0.4,0.25,1.0,0.85,3.2778522968292236,254.64334106445312,4.559444427490234,1.2815921306610107,251.3654887676239,0.6563720703125,0.608642578125,0.2200927734375,0.11491252481937408,0.3415980935096741
higgs_public,NLL_OOD,Cov90_OOD,0.12,0.1,0.2,0.0,0.4,0.25,2.0,-1.0,3.2778522968292236,254.64334106445312,4.430543422698975,1.152691125869751,251.3654887676239,0.6563720703125,0.61376953125,0.2200927734375,0.28196412324905396,0.3415980935096741
higgs_public,NLL_OOD,Cov90_OOD,0.12,0.1,0.2,0.0,0.4,0.25,2.0,0.85,3.2778522968292236,254.64334106445312,4.500563621520996,1.2227113246917725,251.3654887676239,0.6563720703125,0.609130859375,0.2200927734375,0.05181794613599777,0.3415980935096741
higgs_public,NLL_OOD,Cov90_OOD,0.12,0.1,0.2,0.0,0.4,0.5,1.0,-1.0,3.2778522968292236,254.64334106445312,3.843531608581543,0.5656793117523193,251.3654887676239,0.6563720703125,0.61669921875,0.2200927734375,0.4181094169616699,0.3415980935096741
higgs_public,NLL_OOD,Cov90_OOD,0.12,0.1,0.2,0.0,0.4,0.5,1.0,0.85,3.2778522968292236,254.64334106445312,4.162641525268555,0.884789228439331,251.3654887676239,0.6563720703125,0.615966796875,0.2200927734375,0.11491252481937408,0.3415980935096741
higgs_public,NLL_OOD,Cov90_OOD,0.12,0.1,0.2,0.0,0.4,0.5,2.0,-1.0,3.2778522968292236,254.64334106445312,3.9921083450317383,0.7142560482025146,251.3654887676239,0.6563720703125,0.6143798828125,0.2200927734375,0.28196412324905396,0.3415980935096741
higgs_public,NLL_OOD,Cov90_OOD,0.12,0.1,0.2,0.0,0.4,0.5,2.0,0.85,3.2778522968292236,254.64334106445312,4.196685791015625,0.9188334941864014,251.3654887676239,0.6563720703125,0.6160888671875,0.2200927734375,0.05181794613599777,0.3415980935096741
higgs_public,NLL_OOD,Cov90_OOD,0.12,0.1,0.2,0.1,0.4,0.25,1.0,-1.0,3.2778522968292236,254.64334106445312,4.006957530975342,0.7291052341461182,251.3654887676239,0.6563720703125,0.6016845703125,0.2200927734375,0.30676254630088806,0.5174785852432251
higgs_public,NLL_OOD,Cov90_OOD,0.12,0.1,0.2,0.1,0.4,0.25,1.0,0.85,3.2778522968292236,254.64334106445312,4.257923126220703,0.9800708293914795,251.3654887676239,0.6563720703125,0.6005859375,0.2200927734375,0.06036784499883652,0.5174785852432251
higgs_public,NLL_OOD,Cov90_OOD,0.12,0.1,0.2,0.1,0.4,0.25,2.0,-1.0,3.2778522968292236,254.64334106445312,4.157982349395752,0.8801300525665283,251.3654887676239,0.6563720703125,0.59765625,0.2200927734375,0.18842987716197968,0.5174785852432251
higgs_public,NLL_OOD,Cov90_OOD,0.12,0.1,0.2,0.1,0.4,0.25,2.0,0.85,3.2778522968292236,254.64334106445312,4.257308483123779,0.9794561862945557,251.3654887676239,0.6563720703125,0.6103515625,0.2200927734375,0.023243647068738937,0.5174785852432251
higgs_public,NLL_OOD,Cov90_OOD,0.12,0.1,0.2,0.1,0.4,0.5,1.0,-1.0,3.2778522968292236,254.64334106445312,3.6154537200927734,0.3376014232635498,251.3654887676239,0.6563720703125,0.6129150390625,0.2200927734375,0.30676254630088806,0.5174785852432251
higgs_public,NLL_OOD,Cov90_OOD,0.12,0.1,0.2,0.1,0.4,0.5,1.0,0.85,3.2778522968292236,254.64334106445312,3.999054431915283,0.7212021350860596,251.3654887676239,0.6563720703125,0.6075439453125,0.2200927734375,0.06036784499883652,0.5174785852432251
higgs_public,NLL_OOD,Cov90_OOD,0.12,0.1,0.2,0.1,0.4,0.5,2.0,-1.0,3.2778522968292236,254.64334106445312,3.7892818450927734,0.5114295482635498,251.3654887676239,0.6563720703125,0.606689453125,0.2200927734375,0.18842987716197968,0.5174785852432251
higgs_public,NLL_OOD,Cov90_OOD,0.12,0.1,0.2,0.1,0.4,0.5,2.0,0.85,3.2778522968292236,254.64334106445312,3.9758849143981934,0.6980326175689697,251.3654887676239,0.6563720703125,0.6248779296875,0.2200927734375,0.023243647068738937,0.5174785852432251
higgs_public,NLL_OOD,Cov90_OOD,0.12,0.1,0.2,0.2,0.4,0.25,1.0,-1.0,3.2778522968292236,254.64334106445312,3.9953954219818115,0.7175431251525879,251.3654887676239,0.6563720703125,0.5948486328125,0.2200927734375,0.23729990422725677,0.6757634282112122
higgs_public,NLL_OOD,Cov90_OOD,0.12,0.1,0.2,0.2,0.4,0.25,1.0,0.85,3.2778522968292236,254.64334106445312,4.418221473693848,1.140369176864624,251.3654887676239,0.6563720703125,0.590576171875,0.2200927734375,0.03226318955421448,0.6757634282112122
higgs_public,NLL_OOD,Cov90_OOD,0.12,0.1,0.2,0.2,0.4,0.25,2.0,-1.0,3.2778522968292236,254.64334106445312,4.147512435913086,0.8696601390838623,251.3654887676239,0.6563720703125,0.59033203125,0.2200927734375,0.13465607166290283,0.6757634282112122
higgs_public,NLL_OOD,Cov90_OOD,0.12,0.1,0.2,0.2,0.4,0.25,2.0,0.85,3.2778522968292236,254.64334106445312,4.284804821014404,1.0069525241851807,251.3654887676239,0.6563720703125,0.6068115234375,0.2200927734375,0.011054811999201775,0.6757634282112122
higgs_public,NLL_OOD,Cov90_OOD,0.12,0.1,0.2,0.2,0.4,0.5,1.0,-1.0,3.2778522968292236,254.64334106445312,3.6028614044189453,0.3250091075897217,251.3654887676239,0.6563720703125,0.60302734375,0.2200927734375,0.23729990422725677,0.6757634282112122
higgs_public,NLL_OOD,Cov90_OOD,0.12,0.1,0.2,0.2,0.4,0.5,1.0,0.85,3.2778522968292236,254.64334106445312,4.089265823364258,0.8114135265350342,251.3654887676239,0.6563720703125,0.6029052734375,0.2200927734375,0.03226318955421448,0.6757634282112122
higgs_public,NLL_OOD,Cov90_OOD,0.12,0.1,0.2,0.2,0.4,0.5,2.0,-1.0,3.2778522968292236,254.64334106445312,3.83351731300354,0.5556650161743164,251.3654887676239,0.6563720703125,0.59814453125,0.2200927734375,0.13465607166290283,0.6757634282112122
higgs_public,NLL_OOD,Cov90_OOD,0.12,0.1,0.2,0.2,0.4,0.5,2.0,0.85,3.2778522968292236,254.64334106445312,3.983502149581909,0.7056498527526855,251.3654887676239,0.6563720703125,0.6304931640625,0.2200927734375,0.011054811999201775,0.6757634282112122
higgs_public,NLL_OOD,Cov90_OOD,0.18,0.02,0.0,0.0,0.4,0.25,1.0,-1.0,3.2778522968292236,254.64334106445312,4.240128517150879,0.9622762203216553,251.3654887676239,0.6563720703125,0.6392822265625,0.2200927734375,0.9909670948982239,0.0016555041074752808
higgs_public,NLL_OOD,Cov90_OOD,0.18,0.02,0.0,0.0,0.4,0.25,1.0,0.85,3.2778522968292236,254.64334106445312,4.240128517150879,0.9622762203216553,251.3654887676239,0.6563720703125,0.6392822265625,0.2200927734375,0.9904247522354126,0.0016555041074752808
higgs_public,NLL_OOD,Cov90_OOD,0.18,0.02,0.0,0.0,0.4,0.25,2.0,-1.0,3.2778522968292236,254.64334106445312,4.30004358291626,1.0221912860870361,251.3654887676239,0.6563720703125,0.6383056640625,0.2200927734375,0.9822467565536499,0.0016555041074752808
higgs_public,NLL_OOD,Cov90_OOD,0.18,0.02,0.0,0.0,0.4,0.25,2.0,0.85,3.2778522968292236,254.64334106445312,4.30004358291626,1.0221912860870361,251.3654887676239,0.6563720703125,0.6383056640625,0.2200927734375,0.9750123023986816,0.0016555041074752808
higgs_public,NLL_OOD,Cov90_OOD,0.18,0.02,0.0,0.0,0.4,0.5,1.0,-1.0,3.2778522968292236,254.64334106445312,4.0379414558410645,0.7600891590118408,251.3654887676239,0.6563720703125,0.6431884765625,0.2200927734375,0.9909670948982239,0.0016555041074752808
higgs_public,NLL_OOD,Cov90_OOD,0.18,0.02,0.0,0.0,0.4,0.5,1.0,0.85,3.2778522968292236,254.64334106445312,4.0379414558410645,0.7600891590118408,251.3654887676239,0.6563720703125,0.6431884765625,0.2200927734375,0.9904247522354126,0.0016555041074752808
higgs_public,NLL_OOD,Cov90_OOD,0.18,0.02,0.0,0.0,0.4,0.5,2.0,-1.0,3.2778522968292236,254.64334106445312,4.099122524261475,0.821270227432251,251.3654887676239,0.6563720703125,0.642822265625,0.2200927734375,0.9822467565536499,0.0016555041074752808
higgs_public,NLL_OOD,Cov90_OOD,0.18,0.02,0.0,0.0,0.4,0.5,2.0,0.85,3.2778522968292236,254.64334106445312,4.099122524261475,0.821270227432251,251.3654887676239,0.6563720703125,0.642822265625,0.2200927734375,0.9750123023986816,0.0016555041074752808
higgs_public,NLL_OOD,Cov90_OOD,0.18,0.02,0.0,0.1,0.4,0.25,1.0,-1.0,3.2778522968292236,254.64334106445312,4.205700397491455,0.9278481006622314,251.3654887676239,0.6563720703125,0.6307373046875,0.2200927734375,0.5249061584472656,0.35957926511764526
higgs_public,NLL_OOD,Cov90_OOD,0.18,0.02,0.0,0.1,0.4,0.25,1.0,0.85,3.2778522968292236,254.64334106445312,4.476922988891602,1.199070692062378,251.3654887676239,0.6563720703125,0.6253662109375,0.2200927734375,0.26533937454223633,0.35957926511764526
higgs_public,NLL_OOD,Cov90_OOD,0.18,0.02,0.0,0.1,0.4,0.25,2.0,-1.0,3.2778522968292236,254.64334106445312,4.252751350402832,0.9748990535736084,251.3654887676239,0.6563720703125,0.62841796875,0.2200927734375,0.40704458951950073,0.35957926511764526
higgs_public,NLL_OOD,Cov90_OOD,0.18,0.02,0.0,0.1,0.4,0.25,2.0,0.85,3.2778522968292236,254.64334106445312,4.56126594543457,1.2834136486053467,251.3654887676239,0.6563720703125,0.6282958984375,0.2200927734375,0.17192342877388,0.35957926511764526
higgs_public,NLL_OOD,Cov90_OOD,0.18,0.02,0.0,0.1,0.4,0.5,1.0,-1.0,3.2778522968292236,254.64334106445312,3.857496976852417,0.5796446800231934,251.3654887676239,0.6563720703125,0.6357421875,0.2200927734375,0.5249061584472656,0.35957926511764526
higgs_public,NLL_OOD,Cov90_OOD,0.18,0.02,0.0,0.1,0.4,0.5,1.0,0.85,3.2778522968292236,254.64334106445312,4.117075443267822,0.8392231464385986,251.3654887676239,0.6563720703125,0.6290283203125,0.2200927734375,0.26533937454223633,0.35957926511764526
higgs_public,NLL_OOD,Cov90_OOD,0.18,0.02,0.0,0.1,0.4,0.5,2.0,-1.0,3.2778522968292236,254.64334106445312,3.9390101432800293,0.6611578464508057,251.3654887676239,0.6563720703125,0.632568359375,0.2200927734375,0.40704458951950073,0.35957926511764526
higgs_public,NLL_OOD,Cov90_OOD,0.18,0.02,0.0,0.1,0.4,0.5,2.0,0.85,3.2778522968292236,254.64334106445312,4.228379249572754,0.9505269527435303,251.3654887676239,0.6563720703125,0.6260986328125,0.2200927734375,0.17192342877388,0.35957926511764526
higgs_public,NLL_OOD,Cov90_OOD,0.18,0.02,0.0,0.2,0.4,0.25,1.0,-1.0,3.2778522968292236,254.64334106445312,4.054746150970459,0.7768938541412354,251.3654887676239,0.6563720703125,0.6185302734375,0.2200927734375,0.3442121744155884,0.7027351260185242
higgs_public,NLL_OOD,Cov90_OOD,0.18,0.02,0.0,0.2,0.4,0.25,1.0,0.85,3.2778522968292236,254.64334106445312,4.48115873336792,1.2033064365386963,251.3654887676239,0.6563720703125,0.6185302734375,0.2200927734375,0.11890073120594025,0.7027351260185242
higgs_public,NLL_OOD,Cov90_OOD,0.18,0.02,0.0,0.2,0.4,0.25,2.0,-1.0,3.2778522968292236,254.64334106445312,4.128322124481201,0.8504698276519775,251.3654887676239,0.6563720703125,0.6190185546875,0.2200927734375,0.23878854513168335,0.7027351260185242
higgs_public,NLL_OOD,Cov90_OOD,0.18,0.02,0.0,0.2,0.4,0.25,2.0,0.85,3.2778522968292236,254.64334106445312,4.570237159729004,1.2923848628997803,251.3654887676239,0.6563720703125,0.6298828125,0.2200927734375,0.06374700367450714,0.7027351260185242
higgs_public,NLL_OOD,Cov90_OOD,0.18,0.02,0.0,0.2,0.4,0.5,1.0,-1.0,3.2778522968292236,254.64334106445312,3.6265928745269775,0.3487405776977539,251.3654887676239,0.6563720703125,0.628173828125,0.2200927734375,0.3442121744155884,0.7027351260185242
higgs_public,NLL_OOD,Cov90_OOD,0.18,0.02,0.0,0.2,0.4,0.5,1.0,0.85,3.2778522968292236,254.64334106445312,4.161070823669434,0.88321852684021,251.3654887676239,0.6563720703125,0.621337890625,0.2200927734375,0.11890073120594025,0.7027351260185242
higgs_public,NLL_OOD,Cov90_OOD,0.18,0.02,0.0,0.2,0.4,0.5,2.0,-1.0,3.2778522968292236,254.64334106445312,3.8129844665527344,0.5351321697235107,251.3654887676239,0.6563720703125,0.623779296875,0.2200927734375,0.23878854513168335,0.7027351260185242
higgs_public,NLL_OOD,Cov90_OOD,0.18,0.02,0.0,0.2,0.4,0.5,2.0,0.85,3.2778522968292236,254.64334106445312,4.297657012939453,1.0198047161102295,251.3654887676239,0.6563720703125,0.6268310546875,0.2200927734375,0.06374700367450714,0.7027351260185242
higgs_public,NLL_OOD,Cov90_OOD,0.18,0.02,0.1,0.0,0.4,0.25,1.0,-1.0,3.2778522968292236,254.64334106445312,4.382599830627441,1.1047475337982178,251.3654887676239,0.6563720703125,0.629150390625,0.2200927734375,0.6759123206138611,0.16049998998641968
higgs_public,NLL_OOD,Cov90_OOD,0.18,0.02,0.1,0.0,0.4,0.25,1.0,0.85,3.2778522968292236,254.64334106445312,4.546861171722412,1.2690088748931885,251.3654887676239,0.6563720703125,0.6224365234375,0.2200927734375,0.3951192796230316,0.16049998998641968
higgs_public,NLL_OOD,Cov90_OOD,0.18,0.02,0.1,0.0,0.4,0.25,2.0,-1.0,3.2778522968292236,254.64334106445312,4.477853775024414,1.2000014781951904,251.3654887676239,0.6563720703125,0.6259765625,0.2200927734375,0.5539409518241882,0.16049998998641968
higgs_public,NLL_OOD,Cov90_OOD,0.18,0.02,0.1,0.0,0.4,0.25,2.0,0.85,3.2778522968292236,254.64334106445312,4.6347880363464355,1.356935739517212,251.3654887676239,0.6563720703125,0.6248779296875,0.2200927734375,0.2474406361579895,0.16049998998641968
higgs_public,NLL_OOD,Cov90_OOD,0.18,0.02,0.1,0.0,0.4,0.5,1.0,-1.0,3.2778522968292236,254.64334106445312,3.927436351776123,0.6495840549468994,251.3654887676239,0.6563720703125,0.6307373046875,0.2200927734375,0.6759123206138611,0.16049998998641968
higgs_public,NLL_OOD,Cov90_OOD,0.18,0.02,0.1,0.0,0.4,0.5,1.0,0.85,3.2778522968292236,254.64334106445312,4.113697052001953,0.8358447551727295,251.3654887676239,0.6563720703125,0.629638671875,0.2200927734375,0.3951192796230316,0.16049998998641968
higgs_public,NLL_OOD,Cov90_OOD,0.18,0.02,0.1,0.0,0.4,0.5,2.0,-1.0,3.2778522968292236,254.64334106445312,3.995724678039551,0.7178723812103271,251.3654887676239,0.6563720703125,0.63037109375,0.2200927734375,0.5539409518241882,0.16049998998641968
higgs_public,NLL_OOD,Cov90_OOD,0.18,0.02,0.1,0.0,0.4,0.5,2.0,0.85,3.2778522968292236,254.64334106445312,4.219882011413574,0.9420297145843506,251.3654887676239,0.6563720703125,0.62939453125,0.2200927734375,0.2474406361579895,0.16049998998641968
higgs_public,NLL_OOD,Cov90_OOD,0.18,0.02,0.1,0.1,0.4,0.25,1.0,-1.0,3.2778522968292236,254.64334106445312,3.92354154586792,0.6456892490386963,251.3654887676239,0.6563720703125,0.6199951171875,0.2200927734375,0.45113420486450195,0.4299253225326538
higgs_public,NLL_OOD,Cov90_OOD,0.18,0.02,0.1,0.1,0.4,0.25,1.0,0.85,3.2778522968292236,254.64334106445312,4.302083969116211,1.0242316722869873,251.3654887676239,0.6563720703125,0.619140625,0.2200927734375,0.16747929155826569,0.4299253225326538
higgs_public,NLL_OOD,Cov90_OOD,0.18,0.02,0.1,0.1,0.4,0.25,2.0,-1.0,3.2778522968292236,254.64334106445312,4.036241054534912,0.7583887577056885,251.3654887676239,0.6563720703125,0.615966796875,0.2200927734375,0.3248334228992462,0.4299253225326538
higgs_public,NLL_OOD,Cov90_OOD,0.18,0.02,0.1,0.1,0.4,0.25,2.0,0.85,3.2778522968292236,254.64334106445312,4.220702171325684,0.94284987449646,251.3654887676239,0.6563720703125,0.62109375,0.2200927734375,0.08694152534008026,0.4299253225326538
higgs_public,NLL_OOD,Cov90_OOD,0.18,0.02,0.1,0.1,0.4,0.5,1.0,-1.0,3.2778522968292236,254.64334106445312,3.638025999069214,0.36017370223999023,251.3654887676239,0.6563720703125,0.6246337890625,0.2200927734375,0.45113420486450195,0.4299253225326538
higgs_public,NLL_OOD,Cov90_OOD,0.18,0.02,0.1,0.1,0.4,0.5,1.0,0.85,3.2778522968292236,254.64334106445312,4.007923126220703,0.7300708293914795,251.3654887676239,0.6563720703125,0.6217041015625,0.2200927734375,0.16747929155826569,0.4299253225326538
higgs_public,NLL_OOD,Cov90_OOD,0.18,0.02,0.1,0.1,0.4,0.5,2.0,-1.0,3.2778522968292236,254.64334106445312,3.749669075012207,0.4718167781829834,251.3654887676239,0.6563720703125,0.6226806640625,0.2200927734375,0.3248334228992462,0.4299253225326538
higgs_public,NLL_OOD,Cov90_OOD,0.18,0.02,0.1,0.1,0.4,0.5,2.0,0.85,3.2778522968292236,254.64334106445312,3.949265956878662,0.6714136600494385,251.3654887676239,0.6563720703125,0.6214599609375,0.2200927734375,0.08694152534008026,0.4299253225326538
higgs_public,NLL_OOD,Cov90_OOD,0.18,0.02,0.1,0.2,0.4,0.25,1.0,-1.0,3.2778522968292236,254.64334106445312,3.8720855712890625,0.5942332744598389,251.3654887676239,0.6563720703125,0.6124267578125,0.2200927734375,0.3305637836456299,0.6835980415344238
higgs_public,NLL_OOD,Cov90_OOD,0.18,0.02,0.1,0.2,0.4,0.25,1.0,0.85,3.2778522968292236,254.64334106445312,4.263298034667969,0.9854457378387451,251.3654887676239,0.6563720703125,0.616943359375,0.2200927734375,0.08945003151893616,0.6835980415344238
higgs_public,NLL_OOD,Cov90_OOD,0.18,0.02,0.1,0.2,0.4,0.25,2.0,-1.0,3.2778522968292236,254.64334106445312,3.990114450454712,0.7122621536254883,251.3654887676239,0.6563720703125,0.6048583984375,0.2200927734375,0.21835821866989136,0.6835980415344238
higgs_public,NLL_OOD,Cov90_OOD,0.18,0.02,0.1,0.2,0.4,0.25,2.0,0.85,3.2778522968292236,254.64334106445312,4.212599754333496,0.9347474575042725,251.3654887676239,0.6563720703125,0.6258544921875,0.2200927734375,0.04036333039402962,0.6835980415344238
higgs_public,NLL_OOD,Cov90_OOD,0.18,0.02,0.1,0.2,0.4,0.5,1.0,-1.0,3.2778522968292236,254.64334106445312,3.493058204650879,0.21520590782165527,251.3654887676239,0.6563720703125,0.617919921875,0.2200927734375,0.3305637836456299,0.6835980415344238
higgs_public,NLL_OOD,Cov90_OOD,0.18,0.02,0.1,0.2,0.4,0.5,1.0,0.85,3.2778522968292236,254.64334106445312,3.9852612018585205,0.7074089050292969,251.3654887676239,0.6563720703125,0.6197509765625,0.2200927734375,0.08945003151893616,0.6835980415344238
higgs_public,NLL_OOD,Cov90_OOD,0.18,0.02,0.1,0.2,0.4,0.5,2.0,-1.0,3.2778522968292236,254.64334106445312,3.707646131515503,0.4297938346862793,251.3654887676239,0.6563720703125,0.611572265625,0.2200927734375,0.21835821866989136,0.6835980415344238
higgs_public,NLL_OOD,Cov90_OOD,0.18,0.02,0.1,0.2,0.4,0.5,2.0,0.85,3.2778522968292236,254.64334106445312,3.9588425159454346,0.6809902191162109,251.3654887676239,0.6563720703125,0.6353759765625,0.2200927734375,0.04036333039402962,0.6835980415344238
higgs_public,NLL_OOD,Cov90_OOD,0.18,0.02,0.2,0.0,0.4,0.25,1.0,-1.0,3.2778522968292236,254.64334106445312,4.262988090515137,0.9851357936859131,251.3654887676239,0.6563720703125,0.611572265625,0.2200927734375,0.5358518362045288,0.32233214378356934
higgs_public,NLL_OOD,Cov90_OOD,0.18,0.02,0.2,0.0,0.4,0.25,1.0,0.85,3.2778522968292236,254.64334106445312,4.666751861572266,1.388899564743042,251.3654887676239,0.6563720703125,0.6043701171875,0.2200927734375,0.21430546045303345,0.32233214378356934
higgs_public,NLL_OOD,Cov90_OOD,0.18,0.02,0.2,0.0,0.4,0.25,2.0,-1.0,3.2778522968292236,254.64334106445312,4.410968780517578,1.1331164836883545,251.3654887676239,0.6563720703125,0.6107177734375,0.2200927734375,0.3981437087059021,0.32233214378356934
higgs_public,NLL_OOD,Cov90_OOD,0.18,0.02,0.2,0.0,0.4,0.25,2.0,0.85,3.2778522968292236,254.64334106445312,4.527700424194336,1.2498481273651123,251.3654887676239,0.6563720703125,0.606201171875,0.2200927734375,0.10803193598985672,0.32233214378356934
higgs_public,NLL_OOD,Cov90_OOD,0.18,0.02,0.2,0.0,0.4,0.5,1.0,-1.0,3.2778522968292236,254.64334106445312,3.8512039184570312,0.5733516216278076,251.3654887676239,0.6563720703125,0.6168212890625,0.2200927734375,0.5358518362045288,0.32233214378356934
higgs_public,NLL_OOD,Cov90_OOD,0.18,0.02,0.2,0.0,0.4,0.5,1.0,0.85,3.2778522968292236,254.64334106445312,4.234325408935547,0.9564731121063232,251.3654887676239,0.6563720703125,0.6126708984375,0.2200927734375,0.21430546045303345,0.32233214378356934
higgs_public,NLL_OOD,Cov90_OOD,0.18,0.02,0.2,0.0,0.4,0.5,2.0,-1.0,3.2778522968292236,254.64334106445312,3.9623961448669434,0.6845438480377197,251.3654887676239,0.6563720703125,0.61328125,0.2200927734375,0.3981437087059021,0.32233214378356934
higgs_public,NLL_OOD,Cov90_OOD,0.18,0.02,0.2,0.0,0.4,0.5,2.0,0.85,3.2778522968292236,254.64334106445312,4.234224319458008,0.9563720226287842,251.3654887676239,0.6563720703125,0.611328125,0.2200927734375,0.10803193598985672,0.32233214378356934
higgs_public,NLL_OOD,Cov90_OOD,0.18,0.02,0.2,0.1,0.4,0.25,1.0,-1.0,3.2778522968292236,254.64334106445312,3.8886101245880127,0.6107578277587891,251.3654887676239,0.6563720703125,0.6060791015625,0.2200927734375,0.4102141559123993,0.49756571650505066
higgs_public,NLL_OOD,Cov90_OOD,0.18,0.02,0.2,0.1,0.4,0.25,1.0,0.85,3.2778522968292236,254.64334106445312,4.312160015106201,1.0343077182769775,251.3654887676239,0.6563720703125,0.597900390625,0.2200927734375,0.11381327360868454,0.49756571650505066
higgs_public,NLL_OOD,Cov90_OOD,0.18,0.02,0.2,0.1,0.4,0.25,2.0,-1.0,3.2778522968292236,254.64334106445312,4.097166061401367,0.8193137645721436,251.3654887676239,0.6563720703125,0.599609375,0.2200927734375,0.27750715613365173,0.49756571650505066
higgs_public,NLL_OOD,Cov90_OOD,0.18,0.02,0.2,0.1,0.4,0.25,2.0,0.85,3.2778522968292236,254.64334106445312,4.24263858795166,0.9647862911224365,251.3654887676239,0.6563720703125,0.607421875,0.2200927734375,0.04987246170639992,0.49756571650505066
higgs_public,NLL_OOD,Cov90_OOD,0.18,0.02,0.2,0.1,0.4,0.5,1.0,-1.0,3.2778522968292236,254.64334106445312,3.6075539588928223,0.32970166206359863,251.3654887676239,0.6563720703125,0.6090087890625,0.2200927734375,0.4102141559123993,0.49756571650505066
higgs_public,NLL_OOD,Cov90_OOD,0.18,0.02,0.2,0.1,0.4,0.5,1.0,0.85,3.2778522968292236,254.64334106445312,4.074412822723389,0.796560525894165,251.3654887676239,0.6563720703125,0.603271484375,0.2200927734375,0.11381327360868454,0.49756571650505066
higgs_public,NLL_OOD,Cov90_OOD,0.18,0.02,0.2,0.1,0.4,0.5,2.0,-1.0,3.2778522968292236,254.64334106445312,3.745269775390625,0.46741747856140137,251.3654887676239,0.6563720703125,0.606201171875,0.2200927734375,0.27750715613365173,0.49756571650505066
higgs_public,NLL_OOD,Cov90_OOD,0.18,0.02,0.2,0.1,0.4,0.5,2.0,0.85,3.2778522968292236,254.64334106445312,4.008138656616211,0.7302863597869873,251.3654887676239,0.6563720703125,0.6126708984375,0.2200927734375,0.04987246170639992,0.49756571650505066
higgs_public,NLL_OOD,Cov90_OOD,0.18,0.02,0.2,0.2,0.4,0.25,1.0,-1.0,3.2778522968292236,254.64334106445312,3.929806709289551,0.6519544124603271,251.3654887676239,0.6563720703125,0.5968017578125,0.2200927734375,0.3284970223903656,0.6581594944000244
higgs_public,NLL_OOD,Cov90_OOD,0.18,0.02,0.2,0.2,0.4,0.25,1.0,0.85,3.2778522968292236,254.64334106445312,4.371405601501465,1.0935533046722412,251.3654887676239,0.6563720703125,0.5853271484375,0.2200927734375,0.06733398139476776,0.6581594944000244
higgs_public,NLL_OOD,Cov90_OOD,0.18,0.02,0.2,0.2,0.4,0.25,2.0,-1.0,3.2778522968292236,254.64334106445312,4.052075386047363,0.7742230892181396,251.3654887676239,0.6563720703125,0.5927734375,0.2200927734375,0.20646879076957703,0.6581594944000244
higgs_public,NLL_OOD,Cov90_OOD,0.18,0.02,0.2,0.2,0.4,0.25,2.0,0.85,3.2778522968292236,254.64334106445312,4.36998987197876,1.0921375751495361,251.3654887676239,0.6563720703125,0.5975341796875,0.2200927734375,0.026821624487638474,0.6581594944000244
higgs_public,NLL_OOD,Cov90_OOD,0.18,0.02,0.2,0.2,0.4,0.5,1.0,-1.0,3.2778522968292236,254.64334106445312,3.579440116882324,0.3015878200531006,251.3654887676239,0.6563720703125,0.5994873046875,0.2200927734375,0.3284970223903656,0.6581594944000244
higgs_public,NLL_OOD,Cov90_OOD,0.18,0.02,0.2,0.2,0.4,0.5,1.0,0.85,3.2778522968292236,254.64334106445312,4.068674564361572,0.7908222675323486,251.3654887676239,0.6563720703125,0.6004638671875,0.2200927734375,0.06733398139476776,0.6581594944000244
higgs_public,NLL_OOD,Cov90_OOD,0.18,0.02,0.2,0.2,0.4,0.5,2.0,-1.0,3.2778522968292236,254.64334106445312,3.761871099472046,0.48401880264282227,251.3654887676239,0.6563720703125,0.596923828125,0.2200927734375,0.20646879076957703,0.6581594944000244
higgs_public,NLL_OOD,Cov90_OOD,0.18,0.02,0.2,0.2,0.4,0.5,2.0,0.85,3.2778522968292236,254.64334106445312,4.073232173919678,0.7953798770904541,251.3654887676239,0.6563720703125,0.6005859375,0.2200927734375,0.026821624487638474,0.6581594944000244
higgs_public,NLL_OOD,Cov90_OOD,0.18,0.05,0.0,0.0,0.4,0.25,1.0,-1.0,3.2778522968292236,254.64334106445312,4.317428112030029,1.0395758152008057,251.3654887676239,0.6563720703125,0.63916015625,0.2200927734375,0.9480752944946289,0.010372677817940712
higgs_public,NLL_OOD,Cov90_OOD,0.18,0.05,0.0,0.0,0.4,0.25,1.0,0.85,3.2778522968292236,254.64334106445312,4.313570022583008,1.0357177257537842,251.3654887676239,0.6563720703125,0.635498046875,0.2200927734375,0.8836526870727539,0.010372677817940712
higgs_public,NLL_OOD,Cov90_OOD,0.18,0.05,0.0,0.0,0.4,0.25,2.0,-1.0,3.2778522968292236,254.64334106445312,4.2476630210876465,0.9698107242584229,251.3654887676239,0.6563720703125,0.63671875,0.2200927734375,0.9049147963523865,0.010372677817940712
higgs_public,NLL_OOD,Cov90_OOD,0.18,0.05,0.0,0.0,0.4,0.25,2.0,0.85,3.2778522968292236,254.64334106445312,4.320825576782227,1.042973279953003,251.3654887676239,0.6563720703125,0.63623046875,0.2200927734375,0.7671791911125183,0.010372677817940712
higgs_public,NLL_OOD,Cov90_OOD,0.18,0.05,0.0,0.0,0.4,0.5,1.0,-1.0,3.2778522968292236,254.64334106445312,3.99690580368042,0.7190535068511963,251.3654887676239,0.6563720703125,0.644287109375,0.2200927734375,0.9480752944946289,0.010372677817940712
higgs_public,NLL_OOD,Cov90_OOD,0.18,0.05,0.0,0.0,0.4,0.5,1.0,0.85,3.2778522968292236,254.64334106445312,4.002804756164551,0.7249524593353271,251.3654887676239,0.6563720703125,0.64404296875,0.2200927734375,0.8836526870727539,0.010372677817940712
higgs_public,NLL_OOD,Cov90_OOD,0.18,0.05,0.0,0.0,0.4,0.5,2.0,-1.0,3.2778522968292236,254.64334106445312,3.995626211166382,0.7177739143371582,251.3654887676239,0.6563720703125,0.6424560546875,0.2200927734375,0.9049147963523865,0.010372677817940712
higgs_public,NLL_OOD,Cov90_OOD,0.18,0.05,0.0,0.0,0.4,0.5,2.0,0.85,3.2778522968292236,254.64334106445312,3.9904088973999023,0.7125566005706787,251.3654887676239,0.6563720703125,0.6436767578125,0.2200927734375,0.7671791911125183,0.010372677817940712
higgs_public,NLL_OOD,Cov90_OOD,0.18,0.05,0.0,0.1,0.4,0.25,1.0,-1.0,3.2778522968292236,254.64334106445312,4.180935859680176,0.9030835628509521,251.3654887676239,0.6563720703125,0.6322021484375,0.2200927734375,0.5135245323181152,0.36729663610458374
higgs_public,NLL_OOD,Cov90_OOD,0.18,0.05,0.0,0.1,0.4,0.25,1.0,0.85,3.2778522968292236,254.64334106445312,4.393638610839844,1.1157863140106201,251.3654887676239,0.6563720703125,0.6260986328125,0.2200927734375,0.24934294819831848,0.36729663610458374
higgs_public,NLL_OOD,Cov90_OOD,0.18,0.05,0.0,0.1,0.4,0.25,2.0,-1.0,3.2778522968292236,254.64334106445312,4.286341667175293,1.0084893703460693,251.3654887676239,0.6563720703125,0.62939453125,0.2200927734375,0.3936503231525421,0.36729663610458374
higgs_public,NLL_OOD,Cov90_OOD,0.18,0.05,0.0,0.1,0.4,0.25,2.0,0.85,3.2778522968292236,254.64334106445312,4.480020999908447,1.2021687030792236,251.3654887676239,0.6563720703125,0.62939453125,0.2200927734375,0.15454065799713135,0.36729663610458374
higgs_public,NLL_OOD,Cov90_OOD,0.18,0.05,0.0,0.1,0.4,0.5,1.0,-1.0,3.2778522968292236,254.64334106445312,3.788900375366211,0.5110480785369873,251.3654887676239,0.6563720703125,0.6351318359375,0.2200927734375,0.5135245323181152,0.36729663610458374
higgs_public,NLL_OOD,Cov90_OOD,0.18,0.05,0.0,0.1,0.4,0.5,1.0,0.85,3.2778522968292236,254.64334106445312,4.102717399597168,0.8248651027679443,251.3654887676239,0.6563720703125,0.629150390625,0.2200927734375,0.24934294819831848,0.36729663610458374
higgs_public,NLL_OOD,Cov90_OOD,0.18,0.05,0.0,0.1,0.4,0.5,2.0,-1.0,3.2778522968292236,254.64334106445312,3.93220591545105,0.6543536186218262,251.3654887676239,0.6563720703125,0.6324462890625,0.2200927734375,0.3936503231525421,0.36729663610458374
higgs_public,NLL_OOD,Cov90_OOD,0.18,0.05,0.0,0.1,0.4,0.5,2.0,0.85,3.2778522968292236,254.64334106445312,4.191014766693115,0.9131624698638916,251.3654887676239,0.6563720703125,0.629638671875,0.2200927734375,0.15454065799713135,0.36729663610458374
higgs_public,NLL_OOD,Cov90_OOD,0.18,0.05,0.0,0.2,0.4,0.25,1.0,-1.0,3.2778522968292236,254.64334106445312,4.0012054443359375,0.7233531475067139,251.3654887676239,0.6563720703125,0.62060546875,0.2200927734375,0.33810508251190186,0.7092173099517822
higgs_public,NLL_OOD,Cov90_OOD,0.18,0.05,0.0,0.2,0.4,0.25,1.0,0.85,3.2778522968292236,254.64334106445312,4.481334686279297,1.2034823894500732,251.3654887676239,0.6563720703125,0.6173095703125,0.2200927734375,0.11326601356267929,0.7092173099517822
higgs_public,NLL_OOD,Cov90_OOD,0.18,0.05,0.0,0.2,0.4,0.25,2.0,-1.0,3.2778522968292236,254.64334106445312,4.149759769439697,0.8719074726104736,251.3654887676239,0.6563720703125,0.6185302734375,0.2200927734375,0.23254229128360748,0.7092173099517822
higgs_public,NLL_OOD,Cov90_OOD,0.18,0.05,0.0,0.2,0.4,0.25,2.0,0.85,3.2778522968292236,254.64334106445312,4.50029182434082,1.2224395275115967,251.3654887676239,0.6563720703125,0.6287841796875,0.2200927734375,0.05876465141773224,0.7092173099517822
higgs_public,NLL_OOD,Cov90_OOD,0.18,0.05,0.0,0.2,0.4,0.5,1.0,-1.0,3.2778522968292236,254.64334106445312,3.581770420074463,0.30391812324523926,251.3654887676239,0.6563720703125,0.6290283203125,0.2200927734375,0.33810508251190186,0.7092173099517822
higgs_public,NLL_OOD,Cov90_OOD,0.18,0.05,0.0,0.2,0.4,0.5,1.0,0.85,3.2778522968292236,254.64334106445312,4.169512748718262,0.8916604518890381,251.3654887676239,0.6563720703125,0.62109375,0.2200927734375,0.11326601356267929,0.7092173099517822
higgs_public,NLL_OOD,Cov90_OOD,0.18,0.05,0.0,0.2,0.4,0.5,2.0,-1.0,3.2778522968292236,254.64334106445312,3.7639431953430176,0.48609089851379395,251.3654887676239,0.6563720703125,0.625244140625,0.2200927734375,0.23254229128360748,0.7092173099517822
higgs_public,NLL_OOD,Cov90_OOD,0.18,0.05,0.0,0.2,0.4,0.5,2.0,0.85,3.2778522968292236,254.64334106445312,4.263591766357422,0.9857394695281982,251.3654887676239,0.6563720703125,0.630126953125,0.2200927734375,0.05876465141773224,0.7092173099517822
higgs_public,NLL_OOD,Cov90_OOD,0.18,0.05,0.1,0.0,0.4,0.25,1.0,-1.0,3.2778522968292236,254.64334106445312,4.31728458404541,1.0394322872161865,251.3654887676239,0.6563720703125,0.632568359375,0.2200927734375,0.659892737865448,0.167097806930542
higgs_public,NLL_OOD,Cov90_OOD,0.18,0.05,0.1,0.0,0.4,0.25,1.0,0.85,3.2778522968292236,254.64334106445312,4.4972004890441895,1.2193481922149658,251.3654887676239,0.6563720703125,0.624267578125,0.2200927734375,0.3690701127052307,0.167097806930542
higgs_public,NLL_OOD,Cov90_OOD,0.18,0.05,0.1,0.0,0.4,0.25,2.0,-1.0,3.2778522968292236,254.64334106445312,4.470335960388184,1.19248366355896,251.3654887676239,0.6563720703125,0.629150390625,0.2200927734375,0.5336454510688782,0.167097806930542
higgs_public,NLL_OOD,Cov90_OOD,0.18,0.05,0.1,0.0,0.4,0.25,2.0,0.85,3.2778522968292236,254.64334106445312,4.543251991271973,1.265399694442749,251.3654887676239,0.6563720703125,0.6236572265625,0.2200927734375,0.22181209921836853,0.167097806930542
higgs_public,NLL_OOD,Cov90_OOD,0.18,0.05,0.1,0.0,0.4,0.5,1.0,-1.0,3.2778522968292236,254.64334106445312,3.9291794300079346,0.6513271331787109,251.3654887676239,0.6563720703125,0.630126953125,0.2200927734375,0.659892737865448,0.167097806930542
higgs_public,NLL_OOD,Cov90_OOD,0.18,0.05,0.1,0.0,0.4,0.5,1.0,0.85,3.2778522968292236,254.64334106445312,4.12339448928833,0.8455421924591064,251.3654887676239,0.6563720703125,0.6326904296875,0.2200927734375,0.3690701127052307,0.167097806930542
higgs_public,NLL_OOD,Cov90_OOD,0.18,0.05,0.1,0.0,0.4,0.5,2.0,-1.0,3.2778522968292236,254.64334106445312,4.002240180969238,0.7243878841400146,251.3654887676239,0.6563720703125,0.6280517578125,0.2200927734375,0.5336454510688782,0.167097806930542
higgs_public,NLL_OOD,Cov90_OOD,0.18,0.05,0.1,0.0,0.4,0.5,2.0,0.85,3.2778522968292236,254.64334106445312,4.168946266174316,0.8910939693450928,251.3654887676239,0.6563720703125,0.6290283203125,0.2200927734375,0.22181209921836853,0.167097806930542
higgs_public,NLL_OOD,Cov90_OOD,0.18,0.05,0.1,0.1,0.4,0.25,1.0,-1.0,3.2778522968292236,254.64334106445312,3.959456443786621,0.6816041469573975,251.3654887676239,0.6563720703125,0.6202392578125,0.2200927734375,0.44301581382751465,0.4364781379699707
higgs_public,NLL_OOD,Cov90_OOD,0.18,0.05,0.1,0.1,0.4,0.25,1.0,0.85,3.2778522968292236,254.64334106445312,4.2430877685546875,0.9652354717254639,251.3654887676239,0.6563720703125,0.6142578125,0.2200927734375,0.15969741344451904,0.4364781379699707
higgs_public,NLL_OOD,Cov90_OOD,0.18,0.05,0.1,0.1,0.4,0.25,2.0,-1.0,3.2778522968292236,254.64334106445312,4.069494247436523,0.7916419506072998,251.3654887676239,0.6563720703125,0.615966796875,0.2200927734375,0.31638404726982117,0.4364781379699707
higgs_public,NLL_OOD,Cov90_OOD,0.18,0.05,0.1,0.1,0.4,0.25,2.0,0.85,3.2778522968292236,254.64334106445312,4.355367660522461,1.0775153636932373,251.3654887676239,0.6563720703125,0.610595703125,0.2200927734375,0.08165097236633301,0.4364781379699707
higgs_public,NLL_OOD,Cov90_OOD,0.18,0.05,0.1,0.1,0.4,0.5,1.0,-1.0,3.2778522968292236,254.64334106445312,3.609663963317871,0.33181166648864746,251.3654887676239,0.6563720703125,0.6246337890625,0.2200927734375,0.44301581382751465,0.4364781379699707
higgs_public,NLL_OOD,Cov90_OOD,0.18,0.05,0.1,0.1,0.4,0.5,1.0,0.85,3.2778522968292236,254.64334106445312,3.927086114883423,0.6492338180541992,251.3654887676239,0.6563720703125,0.625,0.2200927734375,0.15969741344451904,0.4364781379699707
higgs_public,NLL_OOD,Cov90_OOD,0.18,0.05,0.1,0.1,0.4,0.5,2.0,-1.0,3.2778522968292236,254.64334106445312,3.710740089416504,0.4328877925872803,251.3654887676239,0.6563720703125,0.623779296875,0.2200927734375,0.31638404726982117,0.4364781379699707
higgs_public,NLL_OOD,Cov90_OOD,0.18,0.05,0.1,0.1,0.4,0.5,2.0,0.85,3.2778522968292236,254.64334106445312,3.9837584495544434,0.7059061527252197,251.3654887676239,0.6563720703125,0.618896484375,0.2200927734375,0.08165097236633301,0.4364781379699707
higgs_public,NLL_OOD,Cov90_OOD,0.18,0.05,0.1,0.2,0.4,0.25,1.0,-1.0,3.2778522968292236,254.64334106445312,3.885413646697998,0.6075613498687744,251.3654887676239,0.6563720703125,0.612060546875,0.2200927734375,0.32544878125190735,0.6891570091247559
higgs_public,NLL_OOD,Cov90_OOD,0.18,0.05,0.1,0.2,0.4,0.25,1.0,0.85,3.2778522968292236,254.64334106445312,4.197872161865234,0.9200198650360107,251.3654887676239,0.6563720703125,0.6177978515625,0.2200927734375,0.08579768240451813,0.6891570091247559
higgs_public,NLL_OOD,Cov90_OOD,0.18,0.05,0.1,0.2,0.4,0.25,2.0,-1.0,3.2778522968292236,254.64334106445312,4.002455234527588,0.7246029376983643,251.3654887676239,0.6563720703125,0.6036376953125,0.2200927734375,0.21363955736160278,0.6891570091247559
higgs_public,NLL_OOD,Cov90_OOD,0.18,0.05,0.1,0.2,0.4,0.25,2.0,0.85,3.2778522968292236,254.64334106445312,4.205104827880859,0.9272525310516357,251.3654887676239,0.6563720703125,0.620361328125,0.2200927734375,0.03751925751566887,0.6891570091247559
higgs_public,NLL_OOD,Cov90_OOD,0.18,0.05,0.1,0.2,0.4,0.5,1.0,-1.0,3.2778522968292236,254.64334106445312,3.513572931289673,0.23572063446044922,251.3654887676239,0.6563720703125,0.6171875,0.2200927734375,0.32544878125190735,0.6891570091247559
higgs_public,NLL_OOD,Cov90_OOD,0.18,0.05,0.1,0.2,0.4,0.5,1.0,0.85,3.2778522968292236,254.64334106445312,3.984626531600952,0.7067742347717285,251.3654887676239,0.6563720703125,0.617431640625,0.2200927734375,0.08579768240451813,0.6891570091247559
higgs_public,NLL_OOD,Cov90_OOD,0.18,0.05,0.1,0.2,0.4,0.5,2.0,-1.0,3.2778522968292236,254.64334106445312,3.656128406524658,0.37827610969543457,251.3654887676239,0.6563720703125,0.6121826171875,0.2200927734375,0.21363955736160278,0.6891570091247559
higgs_public,NLL_OOD,Cov90_OOD,0.18,0.05,0.1,0.2,0.4,0.5,2.0,0.85,3.2778522968292236,254.64334106445312,3.879962205886841,0.6021099090576172,251.3654887676239,0.6563720703125,0.6312255859375,0.2200927734375,0.03751925751566887,0.6891570091247559
higgs_public,NLL_OOD,Cov90_OOD,0.18,0.05,0.2,0.0,0.4,0.25,1.0,-1.0,3.2778522968292236,254.64334106445312,4.28441047668457,1.0065581798553467,251.3654887676239,0.6563720703125,0.6177978515625,0.2200927734375,0.5276799201965332,0.326383501291275
higgs_public,NLL_OOD,Cov90_OOD,0.18,0.05,0.2,0.0,0.4,0.25,1.0,0.85,3.2778522968292236,254.64334106445312,4.6107659339904785,1.3329136371612549,251.3654887676239,0.6563720703125,0.602783203125,0.2200927734375,0.20374152064323425,0.326383501291275
higgs_public,NLL_OOD,Cov90_OOD,0.18,0.05,0.2,0.0,0.4,0.25,2.0,-1.0,3.2778522968292236,254.64334106445312,4.398673057556152,1.1208207607269287,251.3654887676239,0.6563720703125,0.6094970703125,0.2200927734375,0.3888362646102905,0.326383501291275
higgs_public,NLL_OOD,Cov90_OOD,0.18,0.05,0.2,0.0,0.4,0.25,2.0,0.85,3.2778522968292236,254.64334106445312,4.551403522491455,1.2735512256622314,251.3654887676239,0.6563720703125,0.60693359375,0.2200927734375,0.10196735709905624,0.326383501291275
higgs_public,NLL_OOD,Cov90_OOD,0.18,0.05,0.2,0.0,0.4,0.5,1.0,-1.0,3.2778522968292236,254.64334106445312,3.821033477783203,0.5431811809539795,251.3654887676239,0.6563720703125,0.617431640625,0.2200927734375,0.5276799201965332,0.326383501291275
higgs_public,NLL_OOD,Cov90_OOD,0.18,0.05,0.2,0.0,0.4,0.5,1.0,0.85,3.2778522968292236,254.64334106445312,4.164579391479492,0.8867270946502686,251.3654887676239,0.6563720703125,0.6124267578125,0.2200927734375,0.20374152064323425,0.326383501291275
higgs_public,NLL_OOD,Cov90_OOD,0.18,0.05,0.2,0.0,0.4,0.5,2.0,-1.0,3.2778522968292236,254.64334106445312,3.936056613922119,0.6582043170928955,251.3654887676239,0.6563720703125,0.6156005859375,0.2200927734375,0.3888362646102905,0.326383501291275
higgs_public,NLL_OOD,Cov90_OOD,0.18,0.05,0.2,0.0,0.4,0.5,2.0,0.85,3.2778522968292236,254.64334106445312,4.1996564865112305,0.9218041896820068,251.3654887676239,0.6563720703125,0.6146240234375,0.2200927734375,0.10196735709905624,0.326383501291275
higgs_public,NLL_OOD,Cov90_OOD,0.18,0.05,0.2,0.1,0.4,0.25,1.0,-1.0,3.2778522968292236,254.64334106445312,3.919522285461426,0.6416699886322021,251.3654887676239,0.6563720703125,0.603759765625,0.2200927734375,0.40450620651245117,0.5021302103996277
higgs_public,NLL_OOD,Cov90_OOD,0.18,0.05,0.2,0.1,0.4,0.25,1.0,0.85,3.2778522968292236,254.64334106445312,4.317686557769775,1.0398342609405518,251.3654887676239,0.6563720703125,0.5963134765625,0.2200927734375,0.1090603619813919,0.5021302103996277
higgs_public,NLL_OOD,Cov90_OOD,0.18,0.05,0.2,0.1,0.4,0.25,2.0,-1.0,3.2778522968292236,254.64334106445312,4.026784896850586,0.7489326000213623,251.3654887676239,0.6563720703125,0.6007080078125,0.2200927734375,0.2720222771167755,0.5021302103996277
higgs_public,NLL_OOD,Cov90_OOD,0.18,0.05,0.2,0.1,0.4,0.25,2.0,0.85,3.2778522968292236,254.64334106445312,4.342273235321045,1.0644209384918213,251.3654887676239,0.6563720703125,0.6026611328125,0.2200927734375,0.04913230240345001,0.5021302103996277
higgs_public,NLL_OOD,Cov90_OOD,0.18,0.05,0.2,0.1,0.4,0.5,1.0,-1.0,3.2778522968292236,254.64334106445312,3.621857166290283,0.34400486946105957,251.3654887676239,0.6563720703125,0.6077880859375,0.2200927734375,0.40450620651245117,0.5021302103996277
higgs_public,NLL_OOD,Cov90_OOD,0.18,0.05,0.2,0.1,0.4,0.5,1.0,0.85,3.2778522968292236,254.64334106445312,4.078012466430664,0.8001601696014404,251.3654887676239,0.6563720703125,0.603759765625,0.2200927734375,0.1090603619813919,0.5021302103996277
higgs_public,NLL_OOD,Cov90_OOD,0.18,0.05,0.2,0.1,0.4,0.5,2.0,-1.0,3.2778522968292236,254.64334106445312,3.7484354972839355,0.4705832004547119,251.3654887676239,0.6563720703125,0.6060791015625,0.2200927734375,0.2720222771167755,0.5021302103996277
higgs_public,NLL_OOD,Cov90_OOD,0.18,0.05,0.2,0.1,0.4,0.5,2.0,0.85,3.2778522968292236,254.64334106445312,4.043107986450195,0.7652556896209717,251.3654887676239,0.6563720703125,0.6185302734375,0.2200927734375,0.04913230240345001,0.5021302103996277
higgs_public,NLL_OOD,Cov90_OOD,0.18,0.05,0.2,0.2,0.4,0.25,1.0,-1.0,3.2778522968292236,254.64334106445312,3.914330005645752,0.6364777088165283,251.3654887676239,0.6563720703125,0.5960693359375,0.2200927734375,0.32440510392189026,0.6620259284973145
higgs_public,NLL_OOD,Cov90_OOD,0.18,0.05,0.2,0.2,0.4,0.25,1.0,0.85,3.2778522968292236,254.64334106445312,4.435698509216309,1.157846212387085,251.3654887676239,0.6563720703125,0.583740234375,0.2200927734375,0.06517428904771805,0.6620259284973145
higgs_public,NLL_OOD,Cov90_OOD,0.18,0.05,0.2,0.2,0.4,0.25,2.0,-1.0,3.2778522968292236,254.64334106445312,4.029053688049316,0.7512013912200928,251.3654887676239,0.6563720703125,0.593505859375,0.2200927734375,0.2027510553598404,0.6620259284973145
higgs_public,NLL_OOD,Cov90_OOD,0.18,0.05,0.2,0.2,0.4,0.25,2.0,0.85,3.2778522968292236,254.64334106445312,4.428563594818115,1.1507112979888916,251.3654887676239,0.6563720703125,0.5980224609375,0.2200927734375,0.025628365576267242,0.6620259284973145
higgs_public,NLL_OOD,Cov90_OOD,0.18,0.05,0.2,0.2,0.4,0.5,1.0,-1.0,3.2778522968292236,254.64334106445312,3.537111282348633,0.2592589855194092,251.3654887676239,0.6563720703125,0.6002197265625,0.2200927734375,0.32440510392189026,0.6620259284973145
higgs_public,NLL_OOD,Cov90_OOD,0.18,0.05,0.2,0.2,0.4,0.5,1.0,0.85,3.2778522968292236,254.64334106445312,4.134031295776367,0.8561789989471436,251.3654887676239,0.6563720703125,0.5966796875,0.2200927734375,0.06517428904771805,0.6620259284973145
higgs_public,NLL_OOD,Cov90_OOD,0.18,0.05,0.2,0.2,0.4,0.5,2.0,-1.0,3.2778522968292236,254.64334106445312,3.75005841255188,0.47220611572265625,251.3654887676239,0.6563720703125,0.596923828125,0.2200927734375,0.2027510553598404,0.6620259284973145
higgs_public,NLL_OOD,Cov90_OOD,0.18,0.05,0.2,0.2,0.4,0.5,2.0,0.85,3.2778522968292236,254.64334106445312,4.08919620513916,0.8113439083099365,251.3654887676239,0.6563720703125,0.60595703125,0.2200927734375,0.025628365576267242,0.6620259284973145
higgs_public,NLL_OOD,Cov90_OOD,0.18,0.1,0.0,0.0,0.4,0.25,1.0,-1.0,3.2778522968292236,254.64334106445312,4.190030097961426,0.9121778011322021,251.3654887676239,0.6563720703125,0.6356201171875,0.2200927734375,0.8335071802139282,0.04221619293093681
higgs_public,NLL_OOD,Cov90_OOD,0.18,0.1,0.0,0.0,0.4,0.25,1.0,0.85,3.2778522968292236,254.64334106445312,4.238865852355957,0.9610135555267334,251.3654887676239,0.6563720703125,0.63671875,0.2200927734375,0.6102781891822815,0.04221619293093681
higgs_public,NLL_OOD,Cov90_OOD,0.18,0.1,0.0,0.0,0.4,0.25,2.0,-1.0,3.2778522968292236,254.64334106445312,4.256536483764648,0.9786841869354248,251.3654887676239,0.6563720703125,0.6414794921875,0.2200927734375,0.7332100868225098,0.04221619293093681
higgs_public,NLL_OOD,Cov90_OOD,0.18,0.1,0.0,0.0,0.4,0.25,2.0,0.85,3.2778522968292236,254.64334106445312,4.230221748352051,0.9523694515228271,251.3654887676239,0.6563720703125,0.635498046875,0.2200927734375,0.43737903237342834,0.04221619293093681
higgs_public,NLL_OOD,Cov90_OOD,0.18,0.1,0.0,0.0,0.4,0.5,1.0,-1.0,3.2778522968292236,254.64334106445312,3.9410994052886963,0.6632471084594727,251.3654887676239,0.6563720703125,0.6478271484375,0.2200927734375,0.8335071802139282,0.04221619293093681
higgs_public,NLL_OOD,Cov90_OOD,0.18,0.1,0.0,0.0,0.4,0.5,1.0,0.85,3.2778522968292236,254.64334106445312,3.9682393074035645,0.6903870105743408,251.3654887676239,0.6563720703125,0.6468505859375,0.2200927734375,0.6102781891822815,0.04221619293093681
higgs_public,NLL_OOD,Cov90_OOD,0.18,0.1,0.0,0.0,0.4,0.5,2.0,-1.0,3.2778522968292236,254.64334106445312,3.953782081604004,0.6759297847747803,251.3654887676239,0.6563720703125,0.6458740234375,0.2200927734375,0.7332100868225098,0.04221619293093681
higgs_public,NLL_OOD,Cov90_OOD,0.18,0.1,0.0,0.0,0.4,0.5,2.0,0.85,3.2778522968292236,254.64334106445312,3.9538354873657227,0.675983190536499,251.3654887676239,0.6563720703125,0.64501953125,0.2200927734375,0.43737903237342834,0.04221619293093681
higgs_public,NLL_OOD,Cov90_OOD,0.18,0.1,0.0,0.1,0.4,0.25,1.0,-1.0,3.2778522968292236,254.64334106445312,4.093898773193359,0.8160464763641357,251.3654887676239,0.6563720703125,0.6326904296875,0.2200927734375,0.4771499037742615,0.3949587345123291
higgs_public,NLL_OOD,Cov90_OOD,0.18,0.1,0.0,0.1,0.4,0.25,1.0,0.85,3.2778522968292236,254.64334106445312,4.3578267097473145,1.0799744129180908,251.3654887676239,0.6563720703125,0.626708984375,0.2200927734375,0.20349857211112976,0.3949587345123291
higgs_public,NLL_OOD,Cov90_OOD,0.18,0.1,0.0,0.1,0.4,0.25,2.0,-1.0,3.2778522968292236,254.64334106445312,4.216855049133301,0.9390027523040771,251.3654887676239,0.6563720703125,0.63037109375,0.2200927734375,0.3533308804035187,0.3949587345123291
higgs_public,NLL_OOD,Cov90_OOD,0.18,0.1,0.0,0.1,0.4,0.25,2.0,0.85,3.2778522968292236,254.64334106445312,4.4161481857299805,1.1382958889007568,251.3654887676239,0.6563720703125,0.6312255859375,0.2200927734375,0.11616817116737366,0.3949587345123291
higgs_public,NLL_OOD,Cov90_OOD,0.18,0.1,0.0,0.1,0.4,0.5,1.0,-1.0,3.2778522968292236,254.64334106445312,3.7667083740234375,0.48885607719421387,251.3654887676239,0.6563720703125,0.6378173828125,0.2200927734375,0.4771499037742615,0.3949587345123291
higgs_public,NLL_OOD,Cov90_OOD,0.18,0.1,0.0,0.1,0.4,0.5,1.0,0.85,3.2778522968292236,254.64334106445312,4.042194843292236,0.7643425464630127,251.3654887676239,0.6563720703125,0.6297607421875,0.2200927734375,0.20349857211112976,0.3949587345123291
higgs_public,NLL_OOD,Cov90_OOD,0.18,0.1,0.0,0.1,0.4,0.5,2.0,-1.0,3.2778522968292236,254.64334106445312,3.8680527210235596,0.5902004241943359,251.3654887676239,0.6563720703125,0.635009765625,0.2200927734375,0.3533308804035187,0.3949587345123291
higgs_public,NLL_OOD,Cov90_OOD,0.18,0.1,0.0,0.1,0.4,0.5,2.0,0.85,3.2778522968292236,254.64334106445312,4.048657417297363,0.7708051204681396,251.3654887676239,0.6563720703125,0.6336669921875,0.2200927734375,0.11616817116737366,0.3949587345123291
higgs_public,NLL_OOD,Cov90_OOD,0.18,0.1,0.0,0.2,0.4,0.25,1.0,-1.0,3.2778522968292236,254.64334106445312,3.909036636352539,0.6311843395233154,251.3654887676239,0.6563720703125,0.6239013671875,0.2200927734375,0.31876659393310547,0.7322065234184265
higgs_public,NLL_OOD,Cov90_OOD,0.18,0.1,0.0,0.2,0.4,0.25,1.0,0.85,3.2778522968292236,254.64334106445312,4.4684553146362305,1.1906030178070068,251.3654887676239,0.6563720703125,0.61572265625,0.2200927734375,0.09509941935539246,0.7322065234184265
higgs_public,NLL_OOD,Cov90_OOD,0.18,0.1,0.0,0.2,0.4,0.25,2.0,-1.0,3.2778522968292236,254.64334106445312,4.109466552734375,0.8316142559051514,251.3654887676239,0.6563720703125,0.619384765625,0.2200927734375,0.2137146294116974,0.7322065234184265
higgs_public,NLL_OOD,Cov90_OOD,0.18,0.1,0.0,0.2,0.4,0.25,2.0,0.85,3.2778522968292236,254.64334106445312,4.503696441650391,1.225844144821167,251.3654887676239,0.6563720703125,0.6253662109375,0.2200927734375,0.046225059777498245,0.7322065234184265
higgs_public,NLL_OOD,Cov90_OOD,0.18,0.1,0.0,0.2,0.4,0.5,1.0,-1.0,3.2778522968292236,254.64334106445312,3.538017749786377,0.2601654529571533,251.3654887676239,0.6563720703125,0.6319580078125,0.2200927734375,0.31876659393310547,0.7322065234184265
higgs_public,NLL_OOD,Cov90_OOD,0.18,0.1,0.0,0.2,0.4,0.5,1.0,0.85,3.2778522968292236,254.64334106445312,4.138588905334473,0.860736608505249,251.3654887676239,0.6563720703125,0.6236572265625,0.2200927734375,0.09509941935539246,0.7322065234184265
higgs_public,NLL_OOD,Cov90_OOD,0.18,0.1,0.0,0.2,0.4,0.5,2.0,-1.0,3.2778522968292236,254.64334106445312,3.724001407623291,0.4461491107940674,251.3654887676239,0.6563720703125,0.6265869140625,0.2200927734375,0.2137146294116974,0.7322065234184265
higgs_public,NLL_OOD,Cov90_OOD,0.18,0.1,0.0,0.2,0.4,0.5,2.0,0.85,3.2778522968292236,254.64334106445312,4.145865440368652,0.8680131435394287,251.3654887676239,0.6563720703125,0.6365966796875,0.2200927734375,0.046225059777498245,0.7322065234184265
higgs_public,NLL_OOD,Cov90_OOD,0.18,0.1,0.1,0.0,0.4,0.25,1.0,-1.0,3.2778522968292236,254.64334106445312,4.317428112030029,1.0395758152008057,251.3654887676239,0.6563720703125,0.6336669921875,0.2200927734375,0.611543595790863,0.1912536919116974
higgs_public,NLL_OOD,Cov90_OOD,0.18,0.1,0.1,0.0,0.4,0.25,1.0,0.85,3.2778522968292236,254.64334106445312,4.525757789611816,1.2479054927825928,251.3654887676239,0.6563720703125,0.622802734375,0.2200927734375,0.295548677444458,0.1912536919116974
higgs_public,NLL_OOD,Cov90_OOD,0.18,0.1,0.1,0.0,0.4,0.25,2.0,-1.0,3.2778522968292236,254.64334106445312,4.388852119445801,1.1109998226165771,251.3654887676239,0.6563720703125,0.6300048828125,0.2200927734375,0.4763643145561218,0.1912536919116974
higgs_public,NLL_OOD,Cov90_OOD,0.18,0.1,0.1,0.0,0.4,0.25,2.0,0.85,3.2778522968292236,254.64334106445312,4.572788715362549,1.2949364185333252,251.3654887676239,0.6563720703125,0.624267578125,0.2200927734375,0.16728755831718445,0.1912536919116974
higgs_public,NLL_OOD,Cov90_OOD,0.18,0.1,0.1,0.0,0.4,0.5,1.0,-1.0,3.2778522968292236,254.64334106445312,3.858206272125244,0.5803539752960205,251.3654887676239,0.6563720703125,0.633056640625,0.2200927734375,0.611543595790863,0.1912536919116974
higgs_public,NLL_OOD,Cov90_OOD,0.18,0.1,0.1,0.0,0.4,0.5,1.0,0.85,3.2778522968292236,254.64334106445312,4.095338821411133,0.8174865245819092,251.3654887676239,0.6563720703125,0.629150390625,0.2200927734375,0.295548677444458,0.1912536919116974
higgs_public,NLL_OOD,Cov90_OOD,0.18,0.1,0.1,0.0,0.4,0.5,2.0,-1.0,3.2778522968292236,254.64334106445312,3.9117319583892822,0.6338796615600586,251.3654887676239,0.6563720703125,0.6304931640625,0.2200927734375,0.4763643145561218,0.1912536919116974
higgs_public,NLL_OOD,Cov90_OOD,0.18,0.1,0.1,0.0,0.4,0.5,2.0,0.85,3.2778522968292236,254.64334106445312,4.106110572814941,0.8282582759857178,251.3654887676239,0.6563720703125,0.6324462890625,0.2200927734375,0.16728755831718445,0.1912536919116974
