Benchmark,Seed,ObjectiveMetric,ExtraMetric,SupervisedObjective,SAGEObjective,ConfidenceObjective,SAGEMinusSupervised,ConfidenceMinusSupervised,SupervisedExtra,SAGEExtra,ConfidenceExtra,SAGEMeanWeight,SAGEMeanDisagreement,MeanTeacherObjective,MeanTeacherMinusSupervised,MeanTeacherExtra,SupervisedNLL_ID,SAGENLL_ID,SupervisedRMSE_OOD,SAGERMSE_OOD
year,260410,NLL,Cov90,1.7288198471069336,1.5815725326538086,4.469392776489258,-0.147247314453125,2.740572929382324,0.820892333984375,0.8140869140625,0.512939453125,0.22343823313713074,0.9687930345535278,2.7355358600616455,1.006716012954712,0.7333984375,,,,
higgs_public,260410,NLL_OOD,Cov90_OOD,142.75953674316406,6.542428493499756,488.73773193359375,-136.2171082496643,345.9781951904297,0.5130981206893921,0.510449230670929,0.24383544921875,0.24206599593162537,1.8451745510101318,238.11868286132812,95.35914611816406,0.5682128667831421,1.532369613647461,1.7563610076904297,2.0336461067199707,2.224740743637085
year,260411,NLL,Cov90,2.0000507831573486,1.781270980834961,4.314720153808594,-0.2187798023223877,2.314669370651245,0.80865478515625,0.8056640625,0.518524169921875,0.21613040566444397,1.0070031881332397,2.7170822620391846,0.7170314788818359,0.730743408203125,,,,
higgs_public,260411,NLL_OOD,Cov90_OOD,32.37089157104492,5.894144535064697,560.9568481445312,-26.476747035980225,528.5859565734863,0.5684570074081421,0.52093505859375,0.21882323920726776,0.2756789028644562,1.3467977046966553,195.05471801757812,162.6838264465332,0.5204101800918579,1.190725564956665,1.5271408557891846,2.0701730251312256,2.2183375358581543
year,260412,NLL,Cov90,1.7274343967437744,1.6640981435775757,4.270541191101074,-0.06333625316619873,2.5431067943573,0.820770263671875,0.803497314453125,0.527618408203125,0.2067493200302124,1.0447304248809814,2.6434991359710693,0.9160647392272949,0.73602294921875,,,,
higgs_public,260412,NLL_OOD,Cov90_OOD,28.0651912689209,6.784472465515137,497.40228271484375,-21.28071880340576,469.33709144592285,0.5806884765625,0.507189929485321,0.17243652045726776,0.3369264006614685,0.8692344427108765,150.57066345214844,122.50547218322754,0.5118652582168579,1.2035077810287476,1.4502044916152954,2.0300099849700928,2.2600133419036865
year,260413,NLL,Cov90,1.6785733699798584,1.6460232734680176,4.1134819984436035,-0.03255009651184082,2.434908628463745,0.822845458984375,0.808746337890625,0.52276611328125,0.19941680133342743,1.1084179878234863,2.9350290298461914,1.256455659866333,0.730682373046875,,,,
higgs_public,260413,NLL_OOD,Cov90_OOD,16.216941833496094,6.129957675933838,492.49822998046875,-10.086984157562256,476.28128814697266,0.6302245855331421,0.514880359172821,0.15461425483226776,0.26227837800979614,1.4058715105056763,136.895263671875,120.6783218383789,0.4624389708042145,1.161550760269165,1.4025882482528687,2.1590349674224854,2.205077648162842
year,260414,NLL,Cov90,1.8855366706848145,1.8060948848724365,4.367687702178955,-0.07944178581237793,2.4821510314941406,0.813690185546875,0.812774658203125,0.52020263671875,0.22566474974155426,0.9432663917541504,2.8205575942993164,0.935020923614502,0.728973388671875,,,,
higgs_public,260414,NLL_OOD,Cov90_OOD,57.121559143066406,6.782102108001709,485.0455017089844,-50.3394570350647,427.92394256591797,0.633105456829071,0.5080322027206421,0.20968016982078552,0.2193010300397873,1.6631577014923096,199.75411987304688,142.63256072998047,0.544189453125,1.2979310750961304,1.4521955251693726,2.01973557472229,2.25905704498291
year,260415,NLL,Cov90,2.1610584259033203,1.8954360485076904,4.606926441192627,-0.2656223773956299,2.4458680152893066,0.825897216796875,0.81732177734375,0.526824951171875,0.2372833490371704,0.8961607813835144,3.3087615966796875,1.1477031707763672,0.734100341796875,,,,
higgs_public,260415,NLL_OOD,Cov90_OOD,133.3427734375,7.063384056091309,484.619140625,-126.27938938140869,351.2763671875,0.5987914800643921,0.5095459222793579,0.25947266817092896,0.2597735822200775,1.6951305866241455,247.3005828857422,113.95780944824219,0.5415893793106079,1.434493899345398,1.3108375072479248,2.00512957572937,2.23952317237854
year,260416,NLL,Cov90,2.274526834487915,1.9393904209136963,4.30448055267334,-0.33513641357421875,2.029953718185425,0.805877685546875,0.793548583984375,0.51092529296875,0.22386419773101807,0.9799469709396362,3.2403392791748047,0.9658124446868896,0.713958740234375,,,,
higgs_public,260416,NLL_OOD,Cov90_OOD,33.292091369628906,6.953815460205078,378.81842041015625,-26.338275909423828,345.52632904052734,0.6634155511856079,0.506823718547821,0.07329101860523224,0.24968406558036804,1.3143882751464844,176.2413330078125,142.9492416381836,0.538500964641571,1.2613252401351929,1.6687934398651123,1.988088607788086,2.266009569168091
year,260417,NLL,Cov90,1.863329529762268,1.6187751293182373,4.362628936767578,-0.24455440044403076,2.49929940700531,0.811126708984375,0.810821533203125,0.52001953125,0.21992163360118866,0.9777450561523438,2.8348238468170166,0.9714943170547485,0.72235107421875,,,,
higgs_public,260417,NLL_OOD,Cov90_OOD,27.29268455505371,6.497688293457031,423.5384826660156,-20.79499626159668,396.2457981109619,0.625195324420929,0.510510265827179,0.16978760063648224,0.33346572518348694,1.1877418756484985,134.75393676757812,107.46125221252441,0.5296386480331421,1.1766526699066162,1.4749891757965088,1.9663277864456177,2.238738775253296
year,260418,NLL,Cov90,1.8188941478729248,1.733813762664795,4.407472133636475,-0.08508038520812988,2.58857798576355,0.81353759765625,0.8062744140625,0.52850341796875,0.21411296725273132,1.0041654109954834,2.6760244369506836,0.8571302890777588,0.733001708984375,,,,
higgs_public,260418,NLL_OOD,Cov90_OOD,5.770021915435791,6.460156440734863,525.4378051757812,0.6901345252990723,519.6677832603455,0.6213744878768921,0.511889636516571,0.05841064453125,0.3502647578716278,0.6155359745025635,54.90925216674805,49.139230251312256,0.5163329839706421,1.1605298519134521,1.5593016147613525,2.007066488265991,2.2198991775512695
year,260419,NLL,Cov90,1.563647747039795,1.4519037008285522,4.092540264129639,-0.11174404621124268,2.5288925170898438,0.8316650390625,0.828765869140625,0.5361328125,0.23919925093650818,0.8558423519134521,2.3954930305480957,0.8318452835083008,0.745758056640625,,,,
higgs_public,260419,NLL_OOD,Cov90_OOD,69.36378479003906,7.086167812347412,443.505126953125,-62.27761697769165,374.14134216308594,0.611889660358429,0.5108276605606079,0.20440673828125,0.3089929521083832,1.2272495031356812,267.16546630859375,197.8016815185547,0.504650890827179,1.5447317361831665,1.5789742469787598,2.012593984603882,2.2596688270568848
